vendor,quote_number,total2,requisition_number,requisition_date,po_number,po_date,VENDOR INVOICE REQUESTED DATE,RECEIVED INVOICE DATE,invoice_number,invoice_date,received_date,sent_to_ap_date,notes,status,URL
FRANKLIN CLEANING EQUIPMENT,66517,"$2,454.51",FPO0084765,10/2/2024,728046101,10/4/2024,10/9/2024,,,,,,"Cancelled PO, Mismatched invoice sent by vendor",Cancelled,FPO0084765 | Facilities Requisition | ServiceNow (service-now.com)
MAJOR MEDICAL HOSPITAL SVCS,,"$1,625.00 ",FPO0087243,11/8/2024,728046677,11/12/2024,,11/7/2024,41919,11/7/2024,11/12/2024,,Rejected being cancelled to request a new PO,Rejected,FPO0087243 | Facilities Requisition | ServiceNow (service-now.com)
OLIVER FIRE PROTECTION & SECUR,16437,"$1,445.00",FPO0085760,10/17/2024,728046362,10/22/2024,10/22/2024,,,,,,Fire Alarm repairs : Horn strobes - Ethan- Canceled New REQ FPO0083522,No Enty,https://phsi.service-now.com/now/nav/ui/classic/params/target/x_nuvo_eam_facilities_purchase_order.do%3Fsys_id%3D43cbf3213b9552143008ca8c24e45adf%26sysparm_view%3DAssetUser%26sysparm_domain%3Dnull%26sysparm_domain_scope%3Dnull
DC group,Quote Number # 0000809229,"$45,979.12",FPO0086870,11/4/2024,1724008 CIP,11/12/2024,11/12/2024,,,,,,,PO,FPO0086870 | Facilities Requisition | ServiceNow (service-now.com)
ELECTRONIC SECURITY SOLUTIONS,Proposal #1493123591,$780.00,FPO0084175,9/24/2024,728046008,9/26/2024,10/3/2024,,,,,,,PO,FPO0084175 | Facilities Requisition | ServiceNow (service-now.com)
FLOW DRAIN SERVICES,Quote #280,"$4,095.00",FPO0084124,9/23/2024,728045948,9/23/2024,10/8/2024,,,,,,,PO,FPO0084124 | Facilities Requisition | ServiceNow (service-now.com)
FLOW DRAIN SERVICES,Quote #278,"$1,412.10",FPO0084128,9/23/2024,728046005,9/26/2024,10/8/2024,,,,,,,PO,FPO0084128 | Facilities Requisition | ServiceNow (service-now.com)
FLOW DRAIN SERVICES,Quote #285,"$3,140.10",FPO0086123,10/23/2024,728046436,10/25/2024,10/29/2024,,,,,,,PO,FPO0086123 | Facilities Requisition | ServiceNow (service-now.com)
FOLLETT PRODUCTS,Quote #004148460,$375.00,FPO0087068,11/6/2024,728046581,11/6/2024,11/7/2024,,,,,,,PO,FPO0087068 | Facilities Requisition | ServiceNow (service-now.com)
FRANKLIN CLEANING EQUIPMENT,67176,"$4,861.00",FPO0084800,10/3/2024,728046196,10/9/2024,10/9/2024,,,,,,,PO,FPO0084800 | Facilities Requisition | ServiceNow (service-now.com)
Grainger,,,FPO0084117,9/23/2024,728045999,9/26/2024,,,,,,,,PO,FPO0084117 | Facilities Requisition | ServiceNow (service-now.com)
Grainger,,$555.77,FPO0086497,10/29/2024,728046488,10/30/2024,,,,,,,,PO,FPO0086497 | Facilities Requisition | ServiceNow (service-now.com)
Grainger,,$422.47,FPO0087137,11/6/2024,728046640,11/8/2024,,,,,,,,PO,FPO0087137 | Facilities Requisition | ServiceNow (service-now.com)
Jersey Infrared Consultants,Q240304-71,"$2,775.00",FPO0085778,10/17/2024,728046364,10/22/2024,10/23/2024,,,,,,"	Infrared Electrical System Surve: Ethan",PO,https://phsi.service-now.com/now/nav/ui/classic/params/target/x_nuvo_eam_facilities_purchase_order.do%3Fsys_id%3D5fe210b13b1516143008ca8c24e45a42%26sysparm_view%3DAssetUser%26sysparm_domain%3Dnull%26s
LIMBACH COMPANY LLC,P15387,"$2,030.00",FPO0083950,9/19/2024,728045963,9/24/2024,10/8/2024,,,,,,,PO,FPO0083950 | Facilities Requisition | ServiceNow (service-now.com)
LIMBACH COMPANY LLC,P15389,"$4,525.00",FPO0083980,9/20/2024,728045940,9/23/2024,,,,,,,Quote on Hold - By Warren and Ethan (Ethan Roman),PO,FPO0083980 | Facilities Requisition | ServiceNow (service-now.com)
OLIVER FIRE PROTECTION & SECUR,Quote #0016328,"$1,415.00",FPO0085502,10/14/2024,728046249,10/15/2024,10/22/2024,,,,,,,PO,FPO0085502 | Facilities Requisition | ServiceNow (service-now.com)
OLIVER FIRE PROTECTION & SECUR,16681,"$2,220.00",FPO0083522,10/28/2024,728046486,10/29/2024,10/29/2024,,,,,,Approval sent online By Ethan ,PO,https://phsi.service-now.com/now/nav/ui/classic/params/target/x_nuvo_eam_facilities_purchase_order.do%3Fsys_id%3D1d7c983287a49adc156c8445dabb3571%26sysparm_view%3DAssetUser%26sysparm_domain%3Dnull%26sysparm_domain_scope%3Dnull%26sysparm_record_row%3D6%26sysparm_record_rows%3D351%26sysparm_record_list%3Dsys_created_by%253djavascript%253ags.getUserName()%255eORDERBYDESCstatus
CM3 BUILDING SOLUTIONS INC,Quote # 2024-SEC-5303,$543.85,FPO0087342,11/11/2024,728046679,11/12/2024,11/20/2024,,,,,,,PO,FPO0087342 | Facilities Requisition | ServiceNow (service-now.com)
KLENZOID INC,Quote # KLEQ9781,$455.84,FPO0087482,11/13/2024,728046754,11/18/2024,11/20/2024,,,,,,,PO,FPO0087482 | Facilities Requisition | ServiceNow (service-now.com)
OLIVER FIRE PROTECTION & SECUR,Quote # 0017299,"$1,580.00",FPO0088046,11/21/2024,728046856,11/22/2024,11/22/2024,,,,,,Cancel PO# duplicate quote work already done and paid on prior quote and PO#728046362,PO,FPO0088046 | Facilities Requisition | ServiceNow (service-now.com)
ELECTRONIC SECURITY SOLUTIONS,Quote # 1493124083,"$1,838.23",FPO0088608,12/3/2024,728047050,12/5/2024,12/6/2024,,,,,,,PO,FPO0088608 | Facilities Requisition | ServiceNow (service-now.com)
MARK COSTELLO CO,Quote # MC 627,"$1,700.00",FPO0088752,12/5/2024,728047081,12/6/2024,12/11/2024,,,,,,,PO,FPO0088752 | Facilities Requisition | ServiceNow (service-now.com)
LIMBACH COMPANY LLC,Quote / Proposal #16221,"$2,030.00",FPO0089248,12/13/2024,728047252,12/17/2024,12/17/2024,,,,,,,PO,FPO0089248 | Facilities Requisition | ServiceNow (service-now.com)
LOCKATONG ENGINEERING INC,2025 Permit Compliance,"$4,000.00",FPO0089697,12/20/2024,728047324,12/20/2024,1/7/2025,,,,,,,PO,FPO0089697 | Facilities Requisition | ServiceNow (service-now.com)
LIMBACH COMPANY LLC,Quote/Proposal # P16304,"$2,030.00",FPO0089858,12/24/2024,728047381,12/26/2024,1/10/2025,,,,,,,PO,FPO0089858 | Facilities Requisition | ServiceNow (service-now.com)
RAMM INC,,"$5,559.16 ",FPO0089913,12/26/2024,728047408,12/27/2024,,12/26/2024,66425,12/24/2024,,,,PO,FPO0089913 | Facilities Requisition | ServiceNow (service-now.com)
LABOV SUPPLY CO INC,Quote #S1556688,$955.36,FPO0089991,12/30/2024,728047460,1/3/2025,1/3/2025,,,,,,,PO,FPO0089991 | Facilities Requisition | ServiceNow (service-now.com)
DC group,Quote Number # 0000809229,"$45,979.12",FPO0086870,11/4/2024,1724008 CIP,11/12/2024,11/12/2024,,,,,,,PO,FPO0086870 | Facilities Requisition | ServiceNow (service-now.com)
ELECTRONIC SECURITY SOLUTIONS,Proposal #1493123591,$780.00,FPO0084175,9/24/2024,728046008,9/26/2024,10/3/2024,,,,,,,PO,FPO0084175 | Facilities Requisition | ServiceNow (service-now.com)
FLOW DRAIN SERVICES,Quote #280,"$4,095.00",FPO0084124,9/23/2024,728045948,9/23/2024,10/8/2024,,,,,,,PO,FPO0084124 | Facilities Requisition | ServiceNow (service-now.com)
FLOW DRAIN SERVICES,Quote #278,"$1,412.10",FPO0084128,9/23/2024,728046005,9/26/2024,10/8/2024,,,,,,,PO,FPO0084128 | Facilities Requisition | ServiceNow (service-now.com)
FLOW DRAIN SERVICES,Quote #285,"$3,140.10",FPO0086123,10/23/2024,728046436,10/25/2024,10/29/2024,,,,,,,PO,FPO0086123 | Facilities Requisition | ServiceNow (service-now.com)
FOLLETT PRODUCTS,Quote #004148460,$375.00,FPO0087068,11/6/2024,728046581,11/6/2024,11/7/2024,,,,,,,PO,FPO0087068 | Facilities Requisition | ServiceNow (service-now.com)
FRANKLIN CLEANING EQUIPMENT,67176,"$4,861.00",FPO0084800,10/3/2024,728046196,10/9/2024,10/9/2024,,,,,,,PO,FPO0084800 | Facilities Requisition | ServiceNow (service-now.com)
Grainger,,,FPO0084117,9/23/2024,728045999,9/26/2024,,,,,,,,PO,FPO0084117 | Facilities Requisition | ServiceNow (service-now.com)
Grainger,,$555.77,FPO0086497,10/29/2024,728046488,10/30/2024,,,,,,,,PO,FPO0086497 | Facilities Requisition | ServiceNow (service-now.com)
Grainger,,$422.47,FPO0087137,11/6/2024,728046640,11/8/2024,,,,,,,,PO,FPO0087137 | Facilities Requisition | ServiceNow (service-now.com)
Jersey Infrared Consultants,Q240304-71,"$2,775.00",FPO0085778,10/17/2024,728046364,10/22/2024,10/23/2024,,,,,,"	Infrared Electrical System Surve: Ethan",PO,https://phsi.service-now.com/now/nav/ui/classic/params/target/x_nuvo_eam_facilities_purchase_order.do%3Fsys_id%3D5fe210b13b1516143008ca8c24e45a42%26sysparm_view%3DAssetUser%26sysparm_domain%3Dnull%26s
LIMBACH COMPANY LLC,P15387,"$2,030.00",FPO0083950,9/19/2024,728045963,9/24/2024,10/8/2024,,,,,,,PO,FPO0083950 | Facilities Requisition | ServiceNow (service-now.com)
LIMBACH COMPANY LLC,P15389,"$4,525.00",FPO0083980,9/20/2024,728045940,9/23/2024,,,,,,,Quote on Hold - By Warren and Ethan (Ethan Roman),PO,FPO0083980 | Facilities Requisition | ServiceNow (service-now.com)
OLIVER FIRE PROTECTION & SECUR,Quote #0016328,"$1,415.00",FPO0085502,10/14/2024,728046249,10/15/2024,10/22/2024,,,,,,,PO,FPO0085502 | Facilities Requisition | ServiceNow (service-now.com)
OLIVER FIRE PROTECTION & SECUR,16681,"$2,220.00",FPO0083522,10/28/2024,728046486,10/29/2024,10/29/2024,,,,,,Approval sent online By Ethan ,PO,https://phsi.service-now.com/now/nav/ui/classic/params/target/x_nuvo_eam_facilities_purchase_order.do%3Fsys_id%3D1d7c983287a49adc156c8445dabb3571%26sysparm_view%3DAssetUser%26sysparm_domain%3Dnull%26sysparm_domain_scope%3Dnull%26sysparm_record_row%3D6%26sysparm_record_rows%3D351%26sysparm_record_list%3Dsys_created_by%253djavascript%253ags.getUserName()%255eORDERBYDESCstatus
RAMM INC,Quote - Project: DA Tank – Pump #1 Replace Seal,"$3,740.00",FPO0085445,10/11/2024,728046234,10/11/2024,10/14/2024,,,,,,,PO,FPO0085445 | Facilities Requisition | ServiceNow (service-now.com)
CM3 BUILDING SOLUTIONS INC,Quote # 2024-SEC-5303,$543.85,FPO0087342,11/11/2024,728046679,11/12/2024,11/20/2024,,,,,,,PO,FPO0087342 | Facilities Requisition | ServiceNow (service-now.com)
KLENZOID INC,Quote # KLEQ9781,$455.84,FPO0087482,11/13/2024,728046754,11/18/2024,11/20/2024,,,,,,,PO,FPO0087482 | Facilities Requisition | ServiceNow (service-now.com)
OLIVER FIRE PROTECTION & SECUR,Quote # 0017299,"$1,580.00",FPO0088046,11/21/2024,728046856,11/22/2024,11/22/2024,,,,,,,PO,FPO0088046 | Facilities Requisition | ServiceNow (service-now.com)
ELECTRONIC SECURITY SOLUTIONS,Quote # 1493124083,"$1,838.23",FPO0088608,12/3/2024,728047050,12/5/2024,12/6/2024,,,,,,,PO,FPO0088608 | Facilities Requisition | ServiceNow (service-now.com)
MARK COSTELLO CO,Quote # MC 627,"$1,700.00",FPO0088752,12/5/2024,728047081,12/6/2024,12/11/2024,,,,,,,PO,FPO0088752 | Facilities Requisition | ServiceNow (service-now.com)
UNION ELECTRIC CONTRACTING CO,UECCO ESTIMATE #240936,"$4,305.00",FPO0089092,12/11/2024,728047245,12/16/2024,12/17/2024,,,,,,,PO,FPO0089092 | Facilities Requisition | ServiceNow (service-now.com)
LIMBACH COMPANY LLC,Quote / Proposal #16221,"$2,030.00",FPO0089248,12/13/2024,728047252,12/17/2024,12/17/2024,,,,,,,PO,FPO0089248 | Facilities Requisition | ServiceNow (service-now.com)
KELLY SYSTEMS INC,Quote - Repairs 12/17/2024,$516.00,FPO0089434,12/17/2024,728047288,12/19/2024,12/19/2024,,,,,,,PO,FPO0089434 | Facilities Requisition | ServiceNow (service-now.com)
KELLY SYSTEMS INC,Quote - New Carrier Order 12/17/2024,$471.25,FPO0089439,12/17/2024,728047287,12/19/2024,12/19/2024,,,,,,,PO,FPO0089439 | Facilities Requisition | ServiceNow (service-now.com)
RAMM INC,,"$5,559.16 ",FPO0089913,12/26/2024,728047408,12/27/2024,,12/26/2024,66425,12/24/2024,,,,PO,FPO0089913 | Facilities Requisition | ServiceNow (service-now.com)
RAMM INC,Project: Domestic Pump 2 Pressure Regulating Valves,"$12,460.00",FPO0088910,12/9/2024,,,,,,,,,,Quote,FPO0088910 | Facilities Requisition | ServiceNow (service-now.com)
KLENZOID INC,Quarterly inspections & maintenance ,"$3,333.08 Q4 @$833.27",FPO0090168,1/3/2025,,,,,,,,,December 2024 Renewal,Quote,FPO0090168 | Facilities Requisition | ServiceNow (service-now.com)
RAMM INC,Project: Domestic Pump 2 Pressure Regulating Valves,"$12,460.00",FPO0088910,12/9/2024,,,,,,,,,,Quote,FPO0088910 | Facilities Requisition | ServiceNow (service-now.com)
LOCKATONG ENGINEERING INC,2025 Permit Compliance,"$4,000.00",FPO0089697,12/20/2024,,,,,,,,,,Quote,FPO0089697 | Facilities Requisition | ServiceNow (service-now.com)
LIMBACH COMPANY LLC,Quote/Proposal # P16304,"$2,030.00",FPO0089858,12/24/2024,728047381,12/26/2024,,,,,,,,Quote,FPO0089858 | Facilities Requisition | ServiceNow (service-now.com)
LABOV SUPPLY CO INC,Quote #S1556688,$955.36,FPO0089991,12/30/2024,,,,,,,,,,Quote,FPO0089991 | Facilities Requisition | ServiceNow (service-now.com)
MMSR LLC,Snow Removal 2024-2025,"$169,940.00",FPO0084565,10/1/2024,728046277,10/16/2024,,,,,,,Recvd event 12/20/2024 INV#1243,Received,https://phsi.service-now.com/now/nav/ui/classic/params/target/x_nuvo_eam_facilities_purchase_order.do%3Fsys_id%3Dd899e960db0152d45d3ac3481396196b%26sysparm_view%3DAssetUser%26sysparm_record_target%3Dx_nuvo_eam_facilities_purchase_order%26sysparm_record_row%3D1%26sysparm_record_rows%3D1%26sysparm_record_list%3Dsys_created_by%253Djavascript%253Ags.getUserName%2528%2529%255EnumberSTARTSWITHFPO0084565%255EORDERBYDESCsys_created_on
Grainger,Grainger Order 12/3/2024,$570.56,FPO0088615,12/3/2024,728047051,12/5/2024,,,,,,,Complete Order Received as of 12/10/2024,Received,FPO0088615 | Facilities Requisition | ServiceNow (service-now.com)
UNION ELECTRIC CONTRACTING CO,UECCO ESTIMATE #240936,"$4,305.00",FPO0089092,12/11/2024,728047245,12/16/2024,12/17/2024,1/13/2025,206794-60170-1,1/13/2025,1/13/2025,,,Received,FPO0089092 | Facilities Requisition | ServiceNow (service-now.com)
Grainger,Grainger Order 12/17/2024,$148.60,FPO0089468,12/17/2024,728047314,12/20/2024,,,,,12/23/2024,,Complete Order Received  ,Received,FPO0089468 | Facilities Requisition | ServiceNow (service-now.com)
MMSR LLC,Snow Removal 2024-2025,"$169,940.00",FPO0084565,10/1/2024,728046277,10/16/2024,,,,,,,Recvd event 12/20/2024 INV#1243,Received,https://phsi.service-now.com/now/nav/ui/classic/params/target/x_nuvo_eam_facilities_purchase_order.do%3Fsys_id%3Dd899e960db0152d45d3ac3481396196b%26sysparm_view%3DAssetUser%26sysparm_record_target%3Dx_nuvo_eam_facilities_purchase_order%26sysparm_record_row%3D1%26sysparm_record_rows%3D1%26sysparm_record_list%3Dsys_created_by%253Djavascript%253Ags.getUserName%2528%2529%255EnumberSTARTSWITHFPO0084565%255EORDERBYDESCsys_created_on
Grainger,Grainger Order 12/3/2024,$570.56,FPO0088615,12/3/2024,728047051,12/5/2024,,,,,,,Complete Order Received as of 12/10/2024,Received,FPO0088615 | Facilities Requisition | ServiceNow (service-now.com)
Grainger,Grainger Order 12/17/2024,$148.60,FPO0089468,12/17/2024,728047314,12/20/2024,,,,,12/23/2024,,Complete Order Received  ,Received,FPO0089468 | Facilities Requisition | ServiceNow (service-now.com)
Grainger,,,FPO0083563,9/13/2024,728045845,9/17/2024,N/A,N/A,N/A,N/A,9/19/2024,,"Received 2 of 3 items 9/19/24 (9NW53 & 12U584), Item 797ZN6 is on Backorder until 12/31/2024",Received,FPO0083563 | Facilities Requisition | ServiceNow (service-now.com)
Grainger,,$723.05 ,FPO0084552,10/1/2024,728046078,10/2/2024,,,,,10/3/2024,,Received complete order (5 12G702),Received,FPO0084552 | Facilities Requisition | ServiceNow (service-now.com)
Grainger,,$87.90,FPO0086591,10/30/2024,728046510,10/31/2024,,,,,11/5/2024,,Received order in full,Received,FPO0086591 | Facilities Requisition | ServiceNow (service-now.com)
Grainger,,"$2,140.51",FPO0087000,11/5/2024,728046608,11/7/2024,,,,,11/8/2024,,Received order in full,Received,FPO0087000 | Facilities Requisition | ServiceNow (service-now.com)
Grainger,Grainger Order 11/18/2024,$533.91 ,FPO0087783,11/18/2024,728046816,11/20/2024,,,,,11/21/2024,,"Received, Order Complete",Received,FPO0087783 | Facilities Requisition | ServiceNow (service-now.com)
Grainger,Grainger Order 11/19/2024,$33.44,FPO0087866,11/19/2024,728046818,11/20/2024,,,,,11/21/2024,,"Received, Order Complete",Received,FPO0087866 | Facilities Requisition | ServiceNow (service-now.com)
Grainger,Grainger Order 11/25/2024,$81.12,FPO0088220,11/25/2024,728046911,11/25/2024,,,,,,,"Received, Order Complete - ER",Received,FPO0088220 | Facilities Requisition | ServiceNow (service-now.com)
HILTI INC.,Quote #930840311,$886.56,FPO0085452,10/11/2024,728046248,10/15/2024,10/24/2024,,,,10/28/2024,,Received order in full,Received,FPO0085452 | Facilities Requisition | ServiceNow (service-now.com)
HILTI INC.,Hilti supply quote_10/4/2024,$430.66,FPO0084978,10/4/2024,728046167,10/7/2024,10/24/2024,,,,10/28/2024,,Received order in full,Received,FPO0084978 | Facilities Requisition | ServiceNow (service-now.com)
STAPLES,,$26.28,FPO0086607,10/30/2024,,,,,,,,,,Requisition,FPO0086607 | Facilities Requisition | ServiceNow (service-now.com)
ELLIOTT LEWIS,73PM02 / ROX5800 (A/R RO1130),"$2,876.00(4 Qtrs @$719.00)",FPO0088815,12/6/2024,,,,,,,,,,Requisition,FPO0088815 | Facilities Requisition | ServiceNow (service-now.com)
STRYKER MEDICAL,Quote #WO-07717842,"$1,465.20",FPO0089045,12/11/2024,728047161,12/11/2024,,,,,,,PO For House Keeping (EVS),Requisition,FPO0089045 | Facilities Requisition | ServiceNow (service-now.com)
STRYKER MEDICAL,Quote #WO-08463733,$360.00,FPO0089052,12/11/2024,728047168,12/11/2024,,,,,,,PO For House Keeping (EVS),Requisition,FPO0089052 | Facilities Requisition | ServiceNow (service-now.com)
STRYKER MEDICAL,Quote #WO-08463737,$360.00,FPO0089069,12/11/2024,728047169,12/11/2024,,,,,,,PO For House Keeping (EVS),Requisition,FPO0089069 | Facilities Requisition | ServiceNow (service-now.com)
STRYKER MEDICAL,Quote #WO-08411730,$457.60,FPO0089075,12/11/2024,728047170,12/11/2024,,,,,,,PO For House Keeping (EVS),Requisition,FPO0089075 | Facilities Requisition | ServiceNow (service-now.com)
STRYKER MEDICAL,Quote #WO-08411734,$757.60,FPO0089077,12/11/2024,728047172,12/11/2024,,,,,,,PO For House Keeping (EVS),Requisition,FPO0089077 | Facilities Requisition | ServiceNow (service-now.com)
Grainger,Grainger Order 12/31/2024,$353.39,FPO0090080,12/31/2024,728047464,1/2/2025,,,,,,,Submited by ER - LED Light fixtures supplies + TV repair ,Requisition,https://phsi.service-now.com/now/nav/ui/classic/params/target/x_nuvo_eam_facilities_purchase_order.do%3Fsys_id%3D37369b3533f2129061ab45659d5c7b25%26sysparm_view%3DAssetUser%26sysparm_domain%3Dnull%26sysparm_domain_scope%3Dnull
ELLIOTT LEWIS,73PM02 / ROX5800 (A/R RO1130),"$2,876.00(4 Qtrs @$719.00)",FPO0088815,12/6/2024,,,,,,,,,,Requisition,FPO0088815 | Facilities Requisition | ServiceNow (service-now.com)
STRYKER MEDICAL,Quote #WO-07717842,"$1,465.20",FPO0089045,12/11/2024,728047161,12/11/2024,,,,,,,PO For House Keeping (EVS),Requisition,FPO0089045 | Facilities Requisition | ServiceNow (service-now.com)
STRYKER MEDICAL,Quote #WO-08463733,$360.00,FPO0089052,12/11/2024,728047168,12/11/2024,,,,,,,PO For House Keeping (EVS),Requisition,FPO0089052 | Facilities Requisition | ServiceNow (service-now.com)
STRYKER MEDICAL,Quote #WO-08463737,$360.00,FPO0089069,12/11/2024,728047169,12/11/2024,,,,,,,PO For House Keeping (EVS),Requisition,FPO0089069 | Facilities Requisition | ServiceNow (service-now.com)
STRYKER MEDICAL,Quote #WO-08411730,$457.60,FPO0089075,12/11/2024,728047170,12/11/2024,,,,,,,PO For House Keeping (EVS),Requisition,FPO0089075 | Facilities Requisition | ServiceNow (service-now.com)
STRYKER MEDICAL,Quote #WO-08411734,$757.60,FPO0089077,12/11/2024,728047172,12/11/2024,,,,,,,PO For House Keeping (EVS),Requisition,FPO0089077 | Facilities Requisition | ServiceNow (service-now.com)
BLEJWAS ASSOCIATES INC,,$503.76 ,FPO0090032,12/31/2024,,,,12/30/2024,76789,10/23/2024,,,,Requisition,FPO0090032 | Facilities Requisition | ServiceNow (service-now.com)
BLEJWAS ASSOCIATES INC,,"$1,061.04 ",FPO0090033,12/31/2024,,,,12/30/2024,77929,12/17/2024,,,,Requisition,FPO0090033 | Facilities Requisition | ServiceNow (service-now.com)
FLOW DRAIN SERVICES,,$754.20 ,FPO0090061,12/31/2024,,,,12/31/2024,1888,12/31/2024,,,,Requisition,FPO0090061 | Facilities Requisition | ServiceNow (service-now.com)
FLOW DRAIN SERVICES,,$800.10 ,FPO0090069,12/31/2024,,,,12/31/2024,1887,12/31/2024,,,,Requisition,FPO0090069 | Facilities Requisition | ServiceNow (service-now.com)
Grainger,,,FPO0090080,12/31/2024,,,,,,,,,Submited by ER - LED Light fixtures supplies + TV repair ,Requisition,https://phsi.service-now.com/now/nav/ui/classic/params/target/x_nuvo_eam_facilities_purchase_order.do%3Fsys_id%3D37369b3533f2129061ab45659d5c7b25%26sysparm_view%3DAssetUser%26sysparm_domain%3Dnull%26sysparm_domain_scope%3Dnull
RAMM INC,,"$2,042.31 ",FPO0090114,1/2/2025,,,,1/2/2025,66433,12/31/2024,,,,Requisition,FPO0090114 | Facilities Requisition | ServiceNow (service-now.com)
RAMM INC,,$702.00 ,FPO0090117,1/2/2025,,,,1/2/2025,66434,12/31/2024,,,,Requisition,FPO0090117 | Facilities Requisition | ServiceNow (service-now.com)
RAMM INC,,$702.00 ,FPO0090118,1/2/2025,,,,1/2/2025,66435,12/31/2024,,,,Requisition,FPO0090118 | Facilities Requisition | ServiceNow (service-now.com)
RAMM INC,,"$2,011.10 ",FPO0087263,11/8/2024,728046678,11/12/2024,,11/8/2024,66191,11/8/2024,12/18/2024,12/19/2024,"PO Approved, Invoice Received, and Sent to AP",Sent To AP ,FPO0087263 | Facilities Requisition | ServiceNow (service-now.com)
FLOW DRAIN SERVICES,,"$3,338.00 ",FPO0088280,11/26/2024,728046987,12/2/2024,,11/26/2024,1822,11/25/2024,12/3/2024,12/4/2024,"PO Approved, Invoice Received, and Sent to AP",Sent To AP ,FPO0088280 | Facilities Requisition | ServiceNow (service-now.com)
FLOW DRAIN SERVICES,,$197.10 ,FPO0088320,11/26/2024,728046951,11/27/2024,,11/26/2024,1823,11/26/2024,12/2/2024,12/4/2024,"PO Approved, Invoice Received, and Sent to AP",Sent To AP ,FPO0088320 | Facilities Requisition | ServiceNow (service-now.com)
LABOV SUPPLY CO INC,Quote # S1554727,$563.08 ,FPO0088338,11/26/2024,728047025,12/4/2024,12/5/2024,12/12/2024,S1554727.001,12/10/2024,12/12/2024,12/13/2024,"PO Approved, Invoice Received, and Sent to AP",Sent To AP ,FPO0088338 | Facilities Requisition | ServiceNow (service-now.com)
DELVAL EQUIPMENT CORP,EST27809-01,"$1,800.00",FPO0085830,10/18/2024,728046379,10/22/2024,10/24/2024,12/23/2024,INV013298,12/19/2024,12/23/2024,12/24/2024,"PO Approved, Invoice Received, and Sent to AP",Sent To AP ,FPO0085830 | Facilities Requisition | ServiceNow (service-now.com)
LIMBACH COMPANY LLC,Quote # P15833,"$2,030.00",FPO0086688,10/31/2024,728046528,10/31/2024,11/1/2024,12/4/2024,31385,12/2/2024,12/4/2024,12/4/2024,"PO Approved, Invoice Received, Work hours completed 12/24/2024. Sent to AP",Sent To AP ,FPO0086688 | Facilities Requisition | ServiceNow (service-now.com)
PAUL J GRECO JR,Quote/Proposal R/R 11/05/2024,$890.00,FPO0087291,11/8/2024,728046667,11/11/2024,11/11/2024,12/27/2024,SON - Hopper Window,12/7/2024,12/27/2024,12/31/2024,"PO Approved, Invoice Received, and Sent to AP",Sent To AP ,FPO0087291 | Facilities Requisition | ServiceNow (service-now.com)
RAMM INC,Quote - Project: DA Tank – Pump #1 Replace Seal,"$3,740.00",FPO0085445,10/11/2024,728046234,10/11/2024,10/14/2024,1/3/2025,66448,1/2/2025,1/6/2025,1/6/2025,"PO Approved, Invoice Received, and Sent to AP",Sent To AP ,FPO0085445 | Facilities Requisition | ServiceNow (service-now.com)
REMAR TECHNOLOGIES,Quote # RQT0011253,"$2,459.02",FPO0086537,10/29/2024,728046511,10/31/2024,11/1/2024,11/25/2024,RINV0013637,11/25/2024,12/3/2024,12/4/2024,"PO Approved, Invoice Received, and Sent to AP",Sent To AP ,FPO0086537 | Facilities Requisition | ServiceNow (service-now.com)
UNION ELECTRIC CONTRACTING CO,Quote # 240832,"$5,740.00",FPO0086689,10/31/2024,728046548,11/4/2024,11/5/2024,12/11/2024,206794-60110-1,12/11/2024,12/11/2024,12/13/2024,"PO Approved, Invoice Received, and Sent to AP",Sent To AP ,FPO0086689 | Facilities Requisition | ServiceNow (service-now.com)
WIRELESS ELECTRONICS INC,QUOTE # 24RM241026-02,$234.00,FPO0086406,10/28/2024,728046479,10/30/2024,11/5/2024,12/3/2024,S21124438,11/27/2024,12/6/2024,12/10/2024,"PO Approved, Invoice Received, and Sent to AP",Sent To AP ,FPO0086406 | Facilities Requisition | ServiceNow (service-now.com)
MARK COSTELLO CO,Quote # MC 619,$745.29,FPO0087481,11/13/2024,728046756,11/18/2024,11/20/2024,12/11/2024,0145217-IN,12/11/2024,12/31/2024,12/31/2024,"PO Approved, Invoice Received, and Sent to AP",Sent To AP ,FPO0087481 | Facilities Requisition | ServiceNow (service-now.com)
BLEJWAS ASSOCIATES INC,Quote # 241124MRMHWF,$397.00,FPO0088049,11/21/2024,728046855,11/22/2024,11/22/2024,12/9/2024,0079578-IN,12/5/2024,12/30/2024,12/31/2024,"PO Approved, Invoice Received, and Sent to AP",Sent To AP ,FPO0088049 | Facilities Requisition | ServiceNow (service-now.com)
PURE WATER TECHNOLOGY OF CENTE,Contract,,FPO0079196,7/9/2024,728045014,7/10/2024,,12/2/2024,242886,12/1/2024,12/2/2024,12/4/2024,"PO Approved, Invoice Received, and Sent to AP",Sent To AP ,FPO0079196 | Facilities Requisition | ServiceNow (service-now.com)
MED PAT INN-PHONE,Quote # SQ-241121-0031061,$392.70,FPO0088551,12/3/2024,728047045,12/5/2024,12/6/2024,12/13/2024,INV-241206-0140641,12/6/2024,12/16/2024,12/16/2024,"PO Approved, Invoice Received, and Sent to AP",Sent To AP ,FPO0088551 | Facilities Requisition | ServiceNow (service-now.com)
RAMM INC,,,FPO0088560,12/3/2024,728047046,12/5/2024,,12/3/2024,66287,11/30/2024,12/6/2024,12/10/2024,"PO Approved, Invoice Received, and Sent to AP",Sent To AP ,FPO0088560 | Facilities Requisition | ServiceNow (service-now.com)
RAMM INC,,,FPO0088563,12/3/2024,728047015,12/3/2024,,12/3/2024,66288,11/30/2024,12/3/2024,12/4/2024,"PO Approved, Invoice Received, and Sent to AP",Sent To AP ,FPO0088563 | Facilities Requisition | ServiceNow (service-now.com)
RAMM INC,,,FPO0088578,12/3/2024,728047047,12/5/2024,,12/3/2024,66289,11/30/2024,12/6/2024,12/10/2024,"PO Approved, Invoice Received, and Sent to AP",Sent To AP ,FPO0088578 | Facilities Requisition | ServiceNow (service-now.com)
RAMM INC,,,FPO0088581,12/3/2024,728047048,12/5/2024,,12/3/2024,66290,11/30/2024,12/6/2024,12/10/2024,"PO Approved, Invoice Received, and Sent to AP",Sent To AP ,FPO0088581 | Facilities Requisition | ServiceNow (service-now.com)
RAMM INC,,,FPO0088584,12/3/2024,728047049,12/5/2024,,12/3/2024,66291,11/30/2024,12/6/2024,12/10/2024,"PO Approved, Invoice Received, and Sent to AP",Sent To AP ,FPO0088584 | Facilities Requisition | ServiceNow (service-now.com)
RAMM INC,,,FPO0088587,12/3/2024,728047038,12/4/2024,,12/3/2024,66294,11/30/2024,12/5/2024,12/5/2024,"PO Approved, Invoice Received, and Sent to AP",Sent To AP ,FPO0088587 | Facilities Requisition | ServiceNow (service-now.com)
ELECTRONIC SECURITY SOLUTIONS,,,FPO0071336,9/10/2024,728045766,9/10/2024,,12/3/2024,56832,11/27/2024,12/4/2024,12/4/2024,"PO Approved, Invoice Received, and Sent to AP",Sent To AP ,FPO0083245 | Facilities Requisition | ServiceNow (service-now.com)
ELLIOTT LEWIS,,,FPO0071336,2/23/2024,728043428,2/26/2024,,12/4/2024,SCHED00072968,12/1/2024,12/4/2024,12/5/2024,"PO Approved, Invoice Received, and Sent to AP",Sent To AP ,FPO0071336 | Facilities Requisition | ServiceNow (service-now.com)
ELLIOTT LEWIS,,,FPO0071336,2/23/2024,728043428,2/26/2024,,12/4/2024,SCHED00072969,12/1/2024,12/4/2024,12/5/2024,"PO Approved, Invoice Received, and Sent to AP",Sent To AP ,FPO0071336 | Facilities Requisition | ServiceNow (service-now.com)
RAMM INC,,"$8,947.00 ",FPO0073983,4/5/2024,728043912,4/8/2024,,12/5/2024,66319,11/30/2024,12/5/2024,12/6/2024,"PO Approved, Invoice Received, and Sent to AP",Sent To AP ,FPO0073983 | Facilities Requisition | ServiceNow (service-now.com)
SECURITAS TECHNOLOGY CORPORATE,,"$1,400.00 ",FPO0078353,6/20/2024,728044795,6/20/2024,,12/6/2024,3706960,12/3/2024,12/6/2024,12/10/2024,"PO Approved, Invoice Received, and Sent to AP",Sent To AP ,FPO0078353 | Facilities Requisition | ServiceNow (service-now.com)
FSI INDUSTRIES,Quote #7124,"$2,130.12",FPO0088889,12/9/2024,728047105,12/9/2024,12/11/2024,12/30/2024,21313,12/30/2024,12/31/2024,12/31/2024,"PO Approved, Invoice Received, and Sent to AP",Sent To AP ,FPO0088889 | Facilities Requisition | ServiceNow (service-now.com)
EVERBRIDGE INC,,$997.00 ,FPO0088895,12/9/2024,728047120,12/10/2024,,12/6/25024,M85161,11/30/2024,12/11/2024,12/13/2024,"PO Approved, Invoice Received, and Sent to AP",Sent To AP ,FPO0088895 | Facilities Requisition | ServiceNow (service-now.com)
FLOW DRAIN SERVICES,,$324.00 ,FPO0088900,12/9/2024,728047121,12/9/2024,,12/6/2024,1848,12/6/2024,12/10/2024,12/13/2024,"PO Approved, Invoice Received, and Sent to AP",Sent To AP ,FPO0088900 | Facilities Requisition | ServiceNow (service-now.com)
ELECTRONIC SECURITY SOLUTIONS,,$780.00 ,FPO0088984,12/10/2024,728047147,12/10/2024,,12/9/2024,57020,12/9/2024,12/11/2024,12/13/2024,"PO Approved, Invoice Received, and Sent to AP",Sent To AP ,FPO0088984 | Facilities Requisition | ServiceNow (service-now.com)
FLOW DRAIN SERVICES,,"$1,169.10 ",FPO0089014,12/10/2024,728047167,12/12/2024,,12/10/2024,1852,12/10/2024,12/12/2024,12/13/2024,"PO Approved, Invoice Received, and Sent to AP",Sent To AP ,FPO0089014 | Facilities Requisition | ServiceNow (service-now.com)
FLOW DRAIN SERVICES,,$449.10 ,FPO0089079,12/11/2024,728047167,12/12/2024,,12/10/2024,1853,12/10/2024,12/12/2024,12/13/2024,"PO Approved, Invoice Received, and Sent to AP",Sent To AP ,FPO0089079 | Facilities Requisition | ServiceNow (service-now.com)
KLENZOID INC,,$980.50 ,FPO0089155,12/12/2024,728047285,12/19/2024,,12/6/2024,26485,11/27/2024,12/19/2024,12/19/2024,"PO Approved, Invoice Received, and Sent to AP",Sent To AP ,FPO0089155 | Facilities Requisition | ServiceNow (service-now.com)
RAMM INC,Contract,"$4,375.00 ",FPO0074276,4/11/2024,728043970,4/11/2024,,12/12/2024,66359,12/11/2024,12/12/2024,12/13/2024,"PO Approved, Invoice Received, and Sent to AP",Sent To AP ,FPO0074276 | Facilities Requisition | ServiceNow (service-now.com)
GTO GREASE TRAP SERVICES,,$294.98 ,FPO0089238,12/13/2024,728047253,12/17/2024,,12/13/2024,10020816,12/11/2024,12/18/2024,12/19/2024,"PO Approved, Invoice Received, and Sent to AP",Sent To AP ,FPO0089238 | Facilities Requisition | ServiceNow (service-now.com)
CONVERGINT,,"$54,702.89 ",,,CIP#1724005,,,12/11/2024,IN00257243,10/23/2024,,12/13/2024,,Sent To AP ,
GENSERVE LLC,,$320.00 ,FPO0089316,12/16/2024,728047251,12/17/2024,,12/11/2024,0456866-IN,8/31/2024,12/17/2024,12/17/2024,"PO Approved, Invoice Received, and Sent to AP",Sent To AP ,FPO0089316 | Facilities Requisition | ServiceNow (service-now.com)
Aire Master,,$299.25 ,FPO0089394,12/17/2024,728047286,12/23/2024,,12/17/2024,2402,12/11/2024,12/23/2024,12/24/2024,"PO Approved, Invoice Received, and Sent to AP",Sent To AP ,FPO0089394 | Facilities Requisition | ServiceNow (service-now.com)
KELLY SYSTEMS INC,Quote - Repairs 12/17/2024,$516.00,FPO0089434,12/17/2024,728047288,12/19/2024,12/19/2024,1/6/2025,142293,1/3/2025,1/6/2025,1/6/2025,"PO Approved, Invoice Received, and Sent to AP",Sent To AP ,FPO0089434 | Facilities Requisition | ServiceNow (service-now.com)
KELLY SYSTEMS INC,Quote - New Carrier Order 12/17/2024,$471.25,FPO0089439,12/17/2024,728047287,12/19/2024,12/19/2024,1/6/2025,142294,1/3/2025,1/6/2025,1/6/2025,"PO Approved, Invoice Received, and Sent to AP",Sent To AP ,FPO0089439 | Facilities Requisition | ServiceNow (service-now.com)
FLOW DRAIN SERVICES,,$550.00 ,FPO0089514,12/18/2024,728047271,12/18/2024,,12/18/2024,1862,12/17/2024,12/18/2024,12/19/2024,"PO Approved, Invoice Received, and Sent to AP",Sent To AP ,FPO0089514 | Facilities Requisition | ServiceNow (service-now.com)
OLIVER FIRE PROTECTION & SECUR,,"$1,445.00 ",FPO0085760,10/17/2024,728046362,10/22/2024,,12/18/2024,10024756,12/18/2024,12/18/2024,12/19/2024,"PO Approved, Invoice Received, and Sent to AP",Sent To AP ,FPO0085760 | Facilities Requisition | ServiceNow (service-now.com)
CM3 BUILDING SOLUTIONS INC,,"$2,669.43 ",FPO0079424,7/12/2024,728045071,7/16/2024,,12/18/2024,V2429801,8/22/2024,12/18/2024,12/19/2024,"PO Approved, Invoice Received, and Sent to AP",Sent To AP ,FPO0079424 | Facilities Requisition | ServiceNow (service-now.com)
RAMM INC,,"$4,332.16 ",FPO0089615,12/19/2024,728047298,12/20/2024,,12/18/2024,66203,11/12/2024,12/20/2024,12/20/2024,"PO Approved, Invoice Received, and Sent to AP",Sent To AP ,FPO0089615 | Facilities Requisition | ServiceNow (service-now.com)
RAMM INC,,"$1,404.00 ",FPO0089617,12/19/2024,728047344,12/23/2024,,12/18/2024,66204,11/12/2024,12/23/2024,12/24/2024,"PO Approved, Invoice Received, and Sent to AP",Sent To AP ,FPO0089617 | Facilities Requisition | ServiceNow (service-now.com)
RAMM INC,,"$1,404.00 ",FPO0089618,12/19/2024,728047345,12/23/2024,,12/18/2024,66205,11/12/2024,12/23/2024,12/24/2024,"PO Approved, Invoice Received, and Sent to AP",Sent To AP ,FPO0089618 | Facilities Requisition | ServiceNow (service-now.com)
MAJOR MEDICAL HOSPITAL SVCS,Contract/Agreement,$479.06 ,FPO0084416,9/27/2024,728046079,10/1/2024,,12/23/2024,42011,12/20/2024,12/23/2024,12/24/2024,"PO Approved, Invoice Received, and Sent to AP",Sent To AP ,FPO0084416 | Facilities Requisition | ServiceNow (service-now.com)
BIG BOYS CLEANING SERVICE,,"$2,373.50 ",FPO0089789,12/23/2024,728047379,12/26/2024,,12/23/2024,36,12/21/2024,12/26/2024,12/27/2024,"PO Approved, Invoice Received, and Sent to AP",Sent To AP ,FPO0089789 | Facilities Requisition | ServiceNow (service-now.com)
OLIVER FIRE PROTECTION & SECUR,,"$2,315.00 ",FPO0089848,12/24/2024,728047380,12/26/2024,,12/23/2024,10024853A,12/19/2024,12/26/2024,12/27/2024,"PO Approved, Invoice Received, and Sent to AP",Sent To AP ,FPO0089848 | Facilities Requisition | ServiceNow (service-now.com)
RAMM INC,,"$1,316.25 ",FPO0089903,12/26/2024,728047417,12/27/2024,,12/26/2024,66422,12/24/2024,12/30/2024,12/31/2024,"PO Approved, Invoice Received, and Sent to AP",Sent To AP ,FPO0089903 | Facilities Requisition | ServiceNow (service-now.com)
RAMM INC,,"$8,338.48 ",FPO0089908,12/26/2024,728047409,12/27/2024,,12/26/2024,66423,12/24/2024,12/30/2024,12/31/2024,"PO Approved, Invoice Received, and Sent to AP",Sent To AP ,FPO0089908 | Facilities Requisition | ServiceNow (service-now.com)
RAMM INC,,"$1,228.50 ",FPO0089912,12/26/2024,728047416,12/27/2024,,12/26/2024,66424,12/24/2024,12/30/2024,12/31/2024,"PO Approved, Invoice Received, and Sent to AP",Sent To AP ,FPO0089912 | Facilities Requisition | ServiceNow (service-now.com)
MMSR LLC,2024 - 2025 Snow Removal,"$3,075.00 ",FPO0084565,10/1/2024,728046277,10/15/2024,,12/23/2024,1243,12/23/2024,12/27/2024,12/27/2024,"PO Approved, Invoice Received, and Sent to AP",Sent To AP ,FPO0084565 | Facilities Requisition | ServiceNow (service-now.com)
MMSR LLC,2024 - 2025 Snow Removal,"$3,545.00 ",FPO0084565,10/1/2024,728046277,10/15/2024,,12/30/2024,1270,12/30/2024,12/30/2024,12/31/2024,"PO Approved, Invoice Received, and Sent to AP",Sent To AP ,FPO0084565 | Facilities Requisition | ServiceNow (service-now.com)
BLEJWAS ASSOCIATES INC,,$503.76 ,FPO0090032,12/31/2024,728047461,1/3/2025,,12/30/2024,76789,10/23/2024,1/6/2025,1/6/2025,"PO Approved, Invoice Received, and Sent to AP",Sent To AP ,FPO0090032 | Facilities Requisition | ServiceNow (service-now.com)
BLEJWAS ASSOCIATES INC,,"$1,061.04 ",FPO0090033,12/31/2024,728047462,1/3/2025,,12/30/2024,77929,12/17/2024,1/6/2025,1/6/2025,"PO Approved, Invoice Received, and Sent to AP",Sent To AP ,FPO0090033 | Facilities Requisition | ServiceNow (service-now.com)
FLOW DRAIN SERVICES,,$754.20 ,FPO0090061,12/31/2024,728047459,1/3/2025,,12/31/2024,1888,12/31/2024,1/3/2025,1/6/2025,"PO Approved, Invoice Received, and Sent to AP",Sent To AP ,FPO0090061 | Facilities Requisition | ServiceNow (service-now.com)
FLOW DRAIN SERVICES,,$800.10 ,FPO0090069,12/31/2024,728047463,1/3/2025,,12/31/2024,1887,12/31/2024,1/6/2025,1/6/2025,"PO Approved, Invoice Received, and Sent to AP",Sent To AP ,FPO0090069 | Facilities Requisition | ServiceNow (service-now.com)
RAMM INC,,"$2,042.31 ",FPO0090114,1/2/2025,728047465,1/3/2025,,1/2/2025,66433,12/31/2024,1/6/2025,1/6/2025,"PO Approved, Invoice Received, and Sent to AP",Sent To AP ,FPO0090114 | Facilities Requisition | ServiceNow (service-now.com)
RAMM INC,,$702.00 ,FPO0090117,1/2/2025,728047466,1/3/2025,,1/2/2025,66434,12/31/2024,1/6/2025,1/6/2025,"PO Approved, Invoice Received, and Sent to AP",Sent To AP ,FPO0090117 | Facilities Requisition | ServiceNow (service-now.com)
RAMM INC,,$702.00 ,FPO0090118,1/2/2025,728047467,1/3/2025,,1/2/2025,66435,12/31/2024,1/6/2025,1/6/2025,"PO Approved, Invoice Received, and Sent to AP",Sent To AP ,FPO0090118 | Facilities Requisition | ServiceNow (service-now.com)
OLIVER FIRE PROTECTION & SECUR,,$750.00 ,FPO0084808,10/3/2024,728046125,10/3/2024,,1/3/2025,10023287,11/18/2024,1/3/2025,1/6/2025,"PO Approved, Invoice Received, and Sent to AP",Sent To AP ,FPO0084808 | Facilities Requisition | ServiceNow (service-now.com)
FLOW DRAIN SERVICES,,"$3,338.00 ",FPO0088280,11/26/2024,728046987,12/2/2024,,11/26/2024,1822,11/25/2024,12/3/2024,12/4/2024,"PO Approved, Invoice Received, and Sent to AP",Sent To AP ,FPO0088280 | Facilities Requisition | ServiceNow (service-now.com)
FLOW DRAIN SERVICES,,$197.10 ,FPO0088320,11/26/2024,728046951,11/27/2024,,11/26/2024,1823,11/26/2024,12/2/2024,12/4/2024,"PO Approved, Invoice Received, and Sent to AP",Sent To AP ,FPO0088320 | Facilities Requisition | ServiceNow (service-now.com)
LABOV SUPPLY CO INC,Quote # S1554727,$563.08 ,FPO0088338,11/26/2024,728047025,12/4/2024,12/5/2024,12/12/2024,S1554727.001,12/10/2024,12/12/2024,12/13/2024,"PO Approved, Invoice Received, and Sent to AP",Sent To AP ,FPO0088338 | Facilities Requisition | ServiceNow (service-now.com)
DELVAL EQUIPMENT CORP,EST27809-01,"$1,800.00 ",FPO0085830,10/18/2024,728046379,10/22/2024,10/24/2024,12/23/2024,INV013298,12/19/2024,12/23/2024,12/24/2024,"PO Approved, Invoice Received, and Sent to AP",Sent To AP ,FPO0085830 | Facilities Requisition | ServiceNow (service-now.com)
LIMBACH COMPANY LLC,Quote # P15833,"$2,030.00 ",FPO0086688,10/31/2024,728046528,10/31/2024,11/1/2024,12/4/2024,31385,12/2/2024,12/4/2024,12/24/2024,"PO Approved, Invoice Received, Work hours completed 12/24/2024. Sent to AP",Sent To AP ,FPO0086688 | Facilities Requisition | ServiceNow (service-now.com)
PAUL J GRECO JR,Quote/Proposal R/R 11/05/2024,$890.00 ,FPO0087291,11/8/2024,728046667,11/11/2024,11/11/2024,12/27/2024,SON - Hopper Window,12/7/2024,12/27/2024,12/31/2024,"PO Approved, Invoice Received, and Sent to AP",Sent To AP ,FPO0087291 | Facilities Requisition | ServiceNow (service-now.com)
REMAR TECHNOLOGIES,Quote # RQT0011253,"$1,781.61 ",FPO0086537,10/29/2024,728046511,10/31/2024,11/1/2024,11/25/2024,RINV0013637,11/25/2024,12/3/2024,12/4/2024,"PO Approved, Invoice Received, and Sent to AP",Sent To AP ,FPO0086537 | Facilities Requisition | ServiceNow (service-now.com)
UNION ELECTRIC CONTRACTING CO,Quote # 240832,"$5,740.00 ",FPO0086689,10/31/2024,728046548,11/4/2024,11/5/2024,12/11/2024,206794-60110-1,12/11/2024,12/11/2024,12/13/2024,"PO Approved, Invoice Received, and Sent to AP",Sent To AP ,FPO0086689 | Facilities Requisition | ServiceNow (service-now.com)
WIRELESS ELECTRONICS INC,QUOTE # 24RM241026-02,$234.00 ,FPO0086406,10/28/2024,728046479,10/30/2024,11/5/2024,12/3/2024,S21124438,11/27/2024,12/6/2024,12/10/2024,"PO Approved, Invoice Received, and Sent to AP",Sent To AP ,FPO0086406 | Facilities Requisition | ServiceNow (service-now.com)
MARK COSTELLO CO,Quote # MC 619,$745.29 ,FPO0087481,11/13/2024,728046756,11/18/2024,11/20/2024,12/11/2024,0145217-IN,12/11/2024,12/31/2024,12/31/2024,"PO Approved, Invoice Received, and Sent to AP",Sent To AP ,FPO0087481 | Facilities Requisition | ServiceNow (service-now.com)
BLEJWAS ASSOCIATES INC,Quote # 241124MRMHWF,$397.00 ,FPO0088049,11/21/2024,728046855,11/22/2024,11/22/2024,12/9/2024,0079578-IN,12/5/2024,12/30/2024,12/31/2024,"PO Approved, Invoice Received, and Sent to AP",Sent To AP ,FPO0088049 | Facilities Requisition | ServiceNow (service-now.com)
PURE WATER TECHNOLOGY OF CENTE,Contract,$635.04 ,FPO0079196,7/9/2024,728045014,7/10/2024,,12/2/2024,242886,12/1/2024,12/2/2024,12/4/2024,"PO Approved, Invoice Received, and Sent to AP",Sent To AP ,FPO0079196 | Facilities Requisition | ServiceNow (service-now.com)
MED PAT INN-PHONE,Quote # SQ-241121-0031061,$392.70 ,FPO0088551,12/3/2024,728047045,12/5/2024,12/6/2024,12/13/2024,INV-241206-0140641,12/6/2024,12/16/2024,12/16/2024,"PO Approved, Invoice Received, and Sent to AP",Sent To AP ,FPO0088551 | Facilities Requisition | ServiceNow (service-now.com)
RAMM INC,,"$1,881.94 ",FPO0088560,12/3/2024,728047046,12/5/2024,,12/3/2024,66287,11/30/2024,12/6/2024,12/10/2024,"PO Approved, Invoice Received, and Sent to AP",Sent To AP ,FPO0088560 | Facilities Requisition | ServiceNow (service-now.com)
RAMM INC,,"$7,995.41 ",FPO0088563,12/3/2024,728047015,12/3/2024,,12/3/2024,66288,11/30/2024,12/3/2024,12/4/2024,"PO Approved, Invoice Received, and Sent to AP",Sent To AP ,FPO0088563 | Facilities Requisition | ServiceNow (service-now.com)
RAMM INC,,$702.00 ,FPO0088578,12/3/2024,728047047,12/5/2024,,12/3/2024,66289,11/30/2024,12/6/2024,12/10/2024,"PO Approved, Invoice Received, and Sent to AP",Sent To AP ,FPO0088578 | Facilities Requisition | ServiceNow (service-now.com)
RAMM INC,,"$1,842.84 ",FPO0088581,12/3/2024,728047048,12/5/2024,,12/3/2024,66290,11/30/2024,12/6/2024,12/10/2024,"PO Approved, Invoice Received, and Sent to AP",Sent To AP ,FPO0088581 | Facilities Requisition | ServiceNow (service-now.com)
RAMM INC,,"$1,053.00 ",FPO0088584,12/3/2024,728047049,12/5/2024,,12/3/2024,66291,11/30/2024,12/6/2024,12/10/2024,"PO Approved, Invoice Received, and Sent to AP",Sent To AP ,FPO0088584 | Facilities Requisition | ServiceNow (service-now.com)
RAMM INC,,"$3,762.78 ",FPO0088587,12/3/2024,728047038,12/4/2024,,12/3/2024,66294,11/30/2024,12/5/2024,12/5/2024,"PO Approved, Invoice Received, and Sent to AP",Sent To AP ,FPO0088587 | Facilities Requisition | ServiceNow (service-now.com)
ELECTRONIC SECURITY SOLUTIONS,,"$11,314.36 ",FPO0071336,9/10/2024,728045766,9/10/2024,,12/3/2024,56832,11/27/2024,12/4/2024,12/4/2024,"PO Approved, Invoice Received, and Sent to AP",Sent To AP ,FPO0083245 | Facilities Requisition | ServiceNow (service-now.com)
ELLIOTT LEWIS,,$636.50 ,FPO0071336,2/23/2024,728043428,2/26/2024,,12/4/2024,SCHED00072968,12/1/2024,12/4/2024,12/5/2024,"PO Approved, Invoice Received, and Sent to AP",Sent To AP ,FPO0071336 | Facilities Requisition | ServiceNow (service-now.com)
ELLIOTT LEWIS,,$629.50 ,FPO0071336,2/23/2024,728043428,2/26/2024,,12/4/2024,SCHED00072969,12/1/2024,12/4/2024,12/5/2024,"PO Approved, Invoice Received, and Sent to AP",Sent To AP ,FPO0071336 | Facilities Requisition | ServiceNow (service-now.com)
RAMM INC,,"$8,947.00 ",FPO0073983,4/5/2024,728043912,4/8/2024,,12/5/2024,66319,11/30/2024,12/5/2024,12/6/2024,"PO Approved, Invoice Received, and Sent to AP",Sent To AP ,FPO0073983 | Facilities Requisition | ServiceNow (service-now.com)
SECURITAS TECHNOLOGY CORPORATE,,"$1,400.00 ",FPO0078353,6/20/2024,728044795,6/20/2024,,12/6/2024,3706960,12/3/2024,12/6/2024,12/10/2024,"PO Approved, Invoice Received, and Sent to AP",Sent To AP ,FPO0078353 | Facilities Requisition | ServiceNow (service-now.com)
FSI INDUSTRIES,Quote #7124,"$2,130.12 ",FPO0088889,12/9/2024,728047105,12/9/2024,12/11/2024,12/30/2024,21313,12/30/2024,12/31/2024,12/31/2024,"PO Approved, Invoice Received, and Sent to AP",Sent To AP ,FPO0088889 | Facilities Requisition | ServiceNow (service-now.com)
EVERBRIDGE INC,,$997.00 ,FPO0088895,12/9/2024,728047120,12/10/2024,,12/6/25024,M85161,11/30/2024,12/11/2024,12/13/2024,"PO Approved, Invoice Received, and Sent to AP",Sent To AP ,FPO0088895 | Facilities Requisition | ServiceNow (service-now.com)
FLOW DRAIN SERVICES,,$324.00 ,FPO0088900,12/9/2024,728047121,12/9/2024,,12/6/2024,1848,12/6/2024,12/10/2024,12/13/2024,"PO Approved, Invoice Received, and Sent to AP",Sent To AP ,FPO0088900 | Facilities Requisition | ServiceNow (service-now.com)
ELECTRONIC SECURITY SOLUTIONS,,$780.00 ,FPO0088984,12/10/2024,728047147,12/10/2024,,12/9/2024,57020,12/9/2024,12/11/2024,12/13/2024,"PO Approved, Invoice Received, and Sent to AP",Sent To AP ,FPO0088984 | Facilities Requisition | ServiceNow (service-now.com)
FLOW DRAIN SERVICES,,"$1,169.10 ",FPO0089014,12/10/2024,728047167,12/12/2024,,12/10/2024,1852,12/10/2024,12/12/2024,12/13/2024,"PO Approved, Invoice Received, and Sent to AP",Sent To AP ,FPO0089014 | Facilities Requisition | ServiceNow (service-now.com)
FLOW DRAIN SERVICES,,$449.10 ,FPO0089079,12/11/2024,728047167,12/12/2024,,12/10/2024,1853,12/10/2024,12/12/2024,12/13/2024,"PO Approved, Invoice Received, and Sent to AP",Sent To AP ,FPO0089079 | Facilities Requisition | ServiceNow (service-now.com)
KLENZOID INC,,$980.50 ,FPO0089155,12/12/2024,728047285,12/19/2024,,12/6/2024,26485,11/27/2024,12/19/2024,12/19/2024,"PO Approved, Invoice Received, and Sent to AP",Sent To AP ,FPO0089155 | Facilities Requisition | ServiceNow (service-now.com)
RAMM INC,Contract,"$4,375.00 ",FPO0074276,4/11/2024,728043970,4/11/2024,,12/12/2024,66359,12/11/2024,12/12/2024,12/13/2024,"PO Approved, Invoice Received, and Sent to AP",Sent To AP ,FPO0074276 | Facilities Requisition | ServiceNow (service-now.com)
GTO GREASE TRAP SERVICES,,$294.98 ,FPO0089238,12/13/2024,728047253,12/17/2024,,12/13/2024,10020816,12/11/2024,12/18/2024,12/19/2024,"PO Approved, Invoice Received, and Sent to AP",Sent To AP ,FPO0089238 | Facilities Requisition | ServiceNow (service-now.com)
CONVERGINT,,"$54,702.89 ",,,CIP#1724005,,,12/11/2024,IN00257243,10/23/2024,,12/13/2024,,Sent To AP ,
GENSERVE LLC,,$320.00 ,FPO0089316,12/16/2024,728047251,12/17/2024,,12/11/2024,0456866-IN,8/31/2024,12/17/2024,12/17/2024,"PO Approved, Invoice Received, and Sent to AP",Sent To AP ,FPO0089316 | Facilities Requisition | ServiceNow (service-now.com)
Aire Master,,$299.25 ,FPO0089394,12/17/2024,728047286,12/23/2024,,12/17/2024,2402,12/11/2024,12/23/2024,12/24/2024,"PO Approved, Invoice Received, and Sent to AP",Sent To AP ,FPO0089394 | Facilities Requisition | ServiceNow (service-now.com)
FLOW DRAIN SERVICES,,$550.00 ,FPO0089514,12/18/2024,728047271,12/18/2024,,12/18/2024,1862,12/17/2024,12/18/2024,12/19/2024,"PO Approved, Invoice Received, and Sent to AP",Sent To AP ,FPO0089514 | Facilities Requisition | ServiceNow (service-now.com)
OLIVER FIRE PROTECTION & SECUR,,"$1,445.00 ",FPO0085760,10/17/2024,728046362,10/22/2024,,12/18/2024,10024756,12/18/2024,12/18/2024,12/19/2024,"PO Approved, Invoice Received, and Sent to AP",Sent To AP ,FPO0085760 | Facilities Requisition | ServiceNow (service-now.com)
CM3 BUILDING SOLUTIONS INC,,"$2,669.43 ",FPO0079424,7/12/2024,728045071,7/16/2024,,12/18/2024,V2429801,8/22/2024,12/18/2024,12/19/2024,"PO Approved, Invoice Received, and Sent to AP",Sent To AP ,FPO0079424 | Facilities Requisition | ServiceNow (service-now.com)
RAMM INC,,"$4,332.16 ",FPO0089615,12/19/2024,728047298,12/20/2024,,12/18/2024,66203,11/12/2024,12/20/2024,12/20/2024,"PO Approved, Invoice Received, and Sent to AP",Sent To AP ,FPO0089615 | Facilities Requisition | ServiceNow (service-now.com)
RAMM INC,,"$1,404.00 ",FPO0089617,12/19/2024,728047344,12/23/2024,,12/18/2024,66204,11/12/2024,12/23/2024,12/24/2024,"PO Approved, Invoice Received, and Sent to AP",Sent To AP ,FPO0089617 | Facilities Requisition | ServiceNow (service-now.com)
RAMM INC,,"$1,404.00 ",FPO0089618,12/19/2024,728047345,12/23/2024,,12/18/2024,66205,11/12/2024,12/23/2024,12/24/2024,"PO Approved, Invoice Received, and Sent to AP",Sent To AP ,FPO0089618 | Facilities Requisition | ServiceNow (service-now.com)
MAJOR MEDICAL HOSPITAL SVCS,Contract/Agreement,$479.06 ,FPO0084416,9/27/2024,728046079,10/1/2024,,12/23/2024,42011,12/20/2024,12/23/2024,12/24/2024,"PO Approved, Invoice Received, and Sent to AP",Sent To AP ,FPO0084416 | Facilities Requisition | ServiceNow (service-now.com)
BIG BOYS CLEANING SERVICE,,"$2,373.50 ",FPO0089789,12/23/2024,728047379,12/26/2024,,12/23/2024,36,12/21/2024,12/26/2024,12/27/2024,"PO Approved, Invoice Received, and Sent to AP",Sent To AP ,FPO0089789 | Facilities Requisition | ServiceNow (service-now.com)
OLIVER FIRE PROTECTION & SECUR,,"$2,315.00 ",FPO0089848,12/24/2024,728047380,12/26/2024,,12/23/2024,10024853A,12/19/2024,12/26/2024,12/27/2024,"PO Approved, Invoice Received, and Sent to AP",Sent To AP ,FPO0089848 | Facilities Requisition | ServiceNow (service-now.com)
RAMM INC,,"$1,316.25 ",FPO0089903,12/26/2024,728047417,12/27/2024,,12/26/2024,66422,12/24/2024,12/30/2024,12/31/2024,"PO Approved, Invoice Received, and Sent to AP",Sent To AP ,FPO0089903 | Facilities Requisition | ServiceNow (service-now.com)
RAMM INC,,"$8,338.48 ",FPO0089908,12/26/2024,728047409,12/27/2024,,12/26/2024,66423,12/24/2024,12/30/2024,12/31/2024,"PO Approved, Invoice Received, and Sent to AP",Sent To AP ,FPO0089908 | Facilities Requisition | ServiceNow (service-now.com)
RAMM INC,,"$1,228.50 ",FPO0089912,12/26/2024,728047416,12/27/2024,,12/26/2024,66424,12/24/2024,12/30/2024,12/31/2024,"PO Approved, Invoice Received, and Sent to AP",Sent To AP ,FPO0089912 | Facilities Requisition | ServiceNow (service-now.com)
MMSR LLC,2024 - 2025 Snow Removal - 12/20/24,"$3,075.00 ",FPO0084565,10/1/2024,728046277,10/15/2024,,12/23/2024,1243,12/23/2024,12/27/2024,12/27/2024,"PO Approved, Invoice Received, and Sent to AP",Sent To AP ,FPO0084565 | Facilities Requisition | ServiceNow (service-now.com)
MMSR LLC,2024 - 2025 Snow Removal - 12/24/24,"$3,545.00 ",FPO0084565,10/1/2024,728046277,10/15/2024,,12/30/2024,1270,12/30/2024,12/30/2024,12/31/2024,"PO Approved, Invoice Received, and Sent to AP",Sent To AP ,FPO0084565 | Facilities Requisition | ServiceNow (service-now.com)
Aire Master,,$299.85 ,FPO0084241,9/25/2024,728046007,9/27/2024,,9/25/2024,2281,9/18/2024,9/30/2024,9/30/2024,"PO approved, Invoice Received, and Sent to ROX AP",Sent To AP ,FPO0084241 | Facilities Requisition | ServiceNow (service-now.com)
Aire Master,,$299.85 ,FPO0085929,10/21/2024,728046380,10/22/2024,,10/21/2024,2324,10/16/2024,10/23/2024,10/24/2024,"PO Approved, Received Invoice, Sent to AP",Sent To AP ,FPO0085929 | Facilities Requisition | ServiceNow (service-now.com)
Aire Master,,$299.85 ,FPO0087835,11/18/2024,728046817,11/20/2024,,11/18/2024,2359,11/13/2024,11/20/2024,11/21/2024,"PO Approved, Invoice Received, Sent to AP",Sent To AP ,FPO0087835 | Facilities Requisition | ServiceNow (service-now.com)
BIG BOYS CLEANING SERVICE,,"$2,373.50 ",FPO0084224,9/25/2024,728046006,9/26/2024,,9/25/2024,33,9/25/2024,10/3/2024,10/4/2024,"PO approved, Invoice Received, and Sent to ROX AP",Sent To AP ,
BIG BOYS CLEANING SERVICE,,"$2,373.50 ",FPO0088206,11/25/2024,728046913,11/26/2024,,11/25/2024,35,11/23/2024,11/26/2024,11/27/2024,"PO Approved, Invoice Received, Sent to AP",Sent To AP ,FPO0088206 | Facilities Requisition | ServiceNow (service-now.com)
BLEJWAS ASSOCIATES INC,,$932.00 ,FPO0084231,9/25/2024,728046033,9/27/2024,,9/24/2024,74134,6/4/2024,9/30/2024,9/30/2024,"PO approved, Invoice Received, and Sent to ROX AP",Sent To AP ,FPO0084231 | Facilities Requisition | ServiceNow (service-now.com)
BLEJWAS ASSOCIATES INC,Quote #241029MRMHIMU,"$1,332.67 ",FPO0086541,10/29/2024,728046512,10/31/2024,11/1/2024,11/7/2024,0079073-IN,11/7/2024,11/7/2024,11/8/2024,"PO Approved, Received Invoice, and Sent to AP",Sent To AP ,FPO0086541 | Facilities Requisition | ServiceNow (service-now.com)
BLEJWAS ASSOCIATES INC,Installment 2,$295.00 ,FPO0077012,5/29/2024,728044517,5/30/2024,,11/7/2024,0078907-IN,10/30/2024,11/7/2024,11/8/2024,"PO Approved, Received Invoice, and Sent to AP",Sent To AP ,FPO0077012 | Facilities Requisition | ServiceNow (service-now.com)
BLEJWAS ASSOCIATES INC,Installment 2,$325.00 ,FPO0077013,5/29/2024,728044519,5/30/2024,,11/7/2024,0078908-IN,10/30/2024,11/7/2024,11/8/2024,"PO Approved, Received Invoice, and Sent to AP",Sent To AP ,FPO0077013 | Facilities Requisition | ServiceNow (service-now.com)
CHADWICK SERVICE CO,,$720.00 ,FPO0071503,2/27/2024,728043448,2/27/2024,,11/1/2024,100245,11/1/2024,11/1/2024,11/4/2024,"PO Approved, Received Invoice, and Sent to AP",Sent To AP ,https://phsi.service-now.com/now/nav/ui/classic/params/target/x_nuvo_eam_facilities_purchase_order.do%3Fsys_id%3Db39a5c721b6c02147e69437cdc4bcbb1
CLARK SERVICES GROUP LLC,Contract,"$1,654.00 ",FPO0068605,1/15/2024,728042884,1/15/2024,,11/5/2024,307016,11/4/2024,11/5/2024,11/6/2024,"PO Approved, Received Invoice, and Sent to AP",Sent To AP ,FPO0068605 | Facilities Requisition | ServiceNow (service-now.com)
CLEAN HARBORS ENV SERVICES,,"$2,396.12 ",FPO0084443,9/27/2024,728046032,9/27/2024,,9/27/2024,1005190460,9/24/2024,9/30/2024,9/30/2024,"PO approved, Invoice Received, and Sent to ROX AP",Sent To AP ,FPO0084443 | Facilities Requisition | ServiceNow (service-now.com)
CM3 BUILDING SOLUTIONS INC,,"$4,626.85 ",FPO0060815,8/28/2023,728041154,8/30/2023,,11/11/2024,V2340801,10/16/2023,11/11/2024,11/12/2024,"PO Approved, Received Invoice, and Sent to AP",Sent To AP ,FPO0060815 | Facilities Requisition | ServiceNow (service-now.com)
CM3 BUILDING SOLUTIONS INC,,"$2,771.86 ",FPO0079592,7/12/2024,728045086,7/17/2024,,11/12/2024,V2430501,8/24/2024,11/12/2024,11/12/2024,"PO Approved, Received Invoice, and Sent to AP",Sent To AP ,FPO0079592 | Facilities Requisition | ServiceNow (service-now.com)
CONVERGINT,CIP Quote MH25709910P,"$59,079.12 ",,,,,,11/20/2024,CIP - IN00257243,10/23/2024,,11/21/2024,Sent CIP Invoice to AP,Sent To AP ,
ELECTRONIC SECURITY SOLUTIONS,,"$1,369.86 ",FPO0086353,10/25/2024,728046478,10/30/2024,,10/25/2024,55971,10/24/2024,10/30/2024,10/30/2024,"PO Approved, Received Invoice, and Sent to AP",Sent To AP ,FPO0086353 | Facilities Requisition | ServiceNow (service-now.com)
ELECTRONIC SECURITY SOLUTIONS,,$660.00 ,FPO0087086,11/6/2024,728046579,11/6/2024,,11/6/2024,56288,11/5/2024,11/7/2024,11/8/2024,"PO Approved, Received Invoice, and Sent to AP",Sent To AP ,FPO0087086 | Facilities Requisition | ServiceNow (service-now.com)
ELECTRONIC SECURITY SOLUTIONS,,"$1,724.43 ",FPO0082997,9/5/2024,728045762,9/5/2024,,11/12/2024,55342,9/30/2024,11/12/2024,11/15/2024,"PO Approved, Received Invoice, and Sent to AP",Sent To AP ,FPO0082997 | Facilities Requisition | ServiceNow (service-now.com)
ELLIOTT LEWIS,73PM06 /  (A/R RO1130) IT RM,$321.50 ,FPO0084003  (Contract),9/20/2024,728045964,9/24/2024,10/8/2024,10/9/2024,SCHED00072301(1ST),10/9/2024,10/9/2024,10/10/2024,"PO approved, Invoice Received, and Sent to ROX AP",Sent To AP ,FPO0084003 | Facilities Requisition | ServiceNow (service-now.com)
ELLIOTT LEWIS,,$770.00 ,FPO0084315,9/26/2024,728046009,9/26/2024,,9/25/2024,SRVCE000193701,7/25/2024,9/30/2024,9/30/2024,"PO approved, Invoice Received, and Sent to ROX AP",Sent To AP ,FPO0084315 | Facilities Requisition | ServiceNow (service-now.com)
ELLIOTT LEWIS,,$669.50 ,FPO0078544,6/25/2024,728044905,6/28/2024,,9/25/2024,SCHED00071006,7/1/2024,9/26/2024,9/26/2024,"PO approved, Invoice Received, and Sent to ROX AP",Sent To AP ,FPO0078544 | Facilities Requisition | ServiceNow (service-now.com)
ELLIOTT LEWIS,,$447.00 ,FPO0084615,10/1/2024,,728046099,10/2/2024,9/30/2024,SRVCE000197574,9/30/2024,10/3/2024,10/4/2024,"PO approved, Invoice Received, and Sent to ROX AP",Sent To AP ,FPO0084615 | Facilities Requisition | ServiceNow (service-now.com)
ELLIOTT LEWIS,,$760.50 ,FPO0078545,6/25/2024,728044848,6/25/2024,,10/4/2024,SCHED00072202,10/1/2024,10/4/2024,10/7/2024,"PO approved, Invoice Received, and Sent to ROX AP",Sent To AP ,FPO0078545 | Facilities Requisition | ServiceNow (service-now.com)
ELLIOTT LEWIS,,$669.50 ,FPO0078544,6/25/2024,728044905,,,10/28/2024,SCHED00072203,10/1/2024,10/29/2024,10/30/2024,"Contract PO Approved, Received Invoice, and Sent to AP",Sent To AP ,FPO0078544 | Facilities Requisition | ServiceNow (service-now.com)
FERGUSON & MCCANN INC,,"$2,370.00 ",FPO0083665,9/16/2024,728045886,9/18/2024,,9/27/2024,57432,9/27/2024,9/27/2024,9/27/2024,"PO approved, Invoice Received, and Sent to ROX AP",Sent To AP ,FPO0083665 | Facilities Requisition | ServiceNow (service-now.com)
FLOW DRAIN SERVICES,Quote #279,"$2,256.30 ",FPO0084127,9/23/2024,728046005,9/26/2024,,9/27/2024,1744,9/26/2024,10/2/2024,10/3/2024,"PO approved, Invoice Received, and Sent to ROX AP",Sent To AP ,FPO0084127 | Facilities Requisition | ServiceNow (service-now.com)
FLOW DRAIN SERVICES,,$449.10 ,FPO0084678,10/2/2024,728046100,10/7/2024,,10/2/2024,1756,10/2/2024,10/7/2024,10/7/2024,"PO approved, Invoice Received, and Sent to ROX AP",Sent To AP ,FPO0084678 | Facilities Requisition | ServiceNow (service-now.com)
FLOW DRAIN SERVICES,,$878.40 ,FPO0085104,10/8/2024,728046179,10/9/2024,,10/8/2024,1764,10/7/2024,10/9/2024,10/10/2024,"PO approved, Invoice Received, and Sent to ROX AP",Sent To AP ,FPO0085104 | Facilities Requisition | ServiceNow (service-now.com)
FLOW DRAIN SERVICES,,"$6,380.00 ",FPO0083833,9/18/2024,728045885,9/18/2024,,10/23/2024,1774,10/22/2024,10/23/2024,10/24/2024,"PO Approved, Received Invoice, Sent to AP",Sent To AP ,FPO0083833 | Facilities Requisition | ServiceNow (service-now.com)
FLOW DRAIN SERVICES,,$449.10 ,FPO0086124,10/23/2024,728046473,10/29/2024,,10/23/2024,1777,10/23/2024,10/29/2024,10/30/2024,"PO Approved, Received Invoice, and Sent to AP",Sent To AP ,FPO0086124 | Facilities Requisition | ServiceNow (service-now.com)
FLOW DRAIN SERVICES,,$242.10 ,FPO0086259,10/24/2024,728046475,10/28/2024,,10/24/2024,1779,10/24/2024,10/30/2024,10/30/2024,"PO Approved, Received Invoice, and Sent to AP",Sent To AP ,FPO0086259 | Facilities Requisition | ServiceNow (service-now.com)
FLOW DRAIN SERVICES,,$449.10 ,FPO0086263,10/24/2024,728046476,10/28/2024,,10/24/2024,1781,10/24/2024,10/30/2024,10/30/2024,"PO Approved, Received Invoice, and Sent to AP",Sent To AP ,FPO0086263 | Facilities Requisition | ServiceNow (service-now.com)
FLOW DRAIN SERVICES,Quote #284,"$1,710.00 ",FPO0086119,10/23/2024,728046407,10/24/2024,10/28/2024,10/28/2024,1788,10/28/2024,10/31/2024,11/1/2024,"PO Approved, Received Invoice, and Sent to AP",Sent To AP ,FPO0086119 | Facilities Requisition | ServiceNow (service-now.com)
FLOW DRAIN SERVICES,,"$1,710.00 ",FPO0086471,10/29/2024,728046487,10/31/2024,,10/28/2024,1788,10/28/2024,,11/1/2024,"PO Cancelled, Invoiced already recvd.",Sent To AP ,FPO0086471 | Facilities Requisition | ServiceNow (service-now.com)
FLOW DRAIN SERVICES,,$809.10 ,FPO0086661,10/31/2024,728046555,11/4/2024,,10/31/2024,1793,10/30/2024,11/5/2024,11/6/2024,"PO Approved, Received Invoice, and Sent to AP",Sent To AP ,FPO0086661 | Facilities Requisition | ServiceNow (service-now.com)
FLOW DRAIN SERVICES,,$449.10 ,FPO0086845,11/4/2024,728046558,11/5/2024,,11/4/2024,1797,11/3/2024,11/5/2024,11/6/2024,"PO Approved, Received Invoice, and Sent to AP",Sent To AP ,FPO0086845 | Facilities Requisition | ServiceNow (service-now.com)
FLOW DRAIN SERVICES,,$449.10 ,FPO0087712,11/15/2024,728046785,11/19/2024,,11/15/2024,1807,11/15/2024,11/19/2024,11/20/2024,"PO Approved, Invoice Received, and sent to AP",Sent To AP ,FPO0087712 | Facilities Requisition | ServiceNow (service-now.com)
FRANKLIN CLEANING EQUIPMENT,,$315.25 ,FPO0086311,10/25/2024,728046477,10/28/2024,,10/25/2024,S1025175,6/7/2024,10/30/2024,10/30/2024,"PO Approved, Received Invoice, and Sent to AP",Sent To AP ,FPO0086311 | Facilities Requisition | ServiceNow (service-now.com)
FRANKLIN CLEANING EQUIPMENT,,"$4,780.68 ",FPO0087638,11/14/2024,728046745,11/15/2024,,11/13/2024,SI026096,11/5/2024,11/15/2024,11/19/2024,"PO Approved, Invoice Received, and sent to AP",Sent To AP ,FPO0087638 | Facilities Requisition | ServiceNow (service-now.com)
FRANKLIN CLEANING EQUIPMENT,,$722.15 ,FPO0087531,11/13/2024,728046758,11/18/2024,,11/13/2024,SI026129,11/11/2024,11/19/2024,11/20/2024,"PO Approved, Invoice Received, and sent to AP",Sent To AP ,FPO0087531 | Facilities Requisition | ServiceNow (service-now.com)
FRANKLIN CLEANING EQUIPMENT,,"$2,483.47 ",FPO0087647,11/14/2024,728046781,11/19/2024,,11/14/2024,SI026095,11/5/2024,11/19/2024,11/20/2024,"PO Approved, Invoice Received, and sent to AP",Sent To AP ,FPO0087647 | Facilities Requisition | ServiceNow (service-now.com)
GENSERVE LLC,,$880.00 ,FPO0085421,10/11/2024,728046240,10/11/2024,,10/10/2024,0444600-IN,6/30/2024,10/15/2024,10/16/2024,"PO approved, Invoice Received, and Sent to ROX AP",Sent To AP ,FPO0085421 | Facilities Requisition | ServiceNow (service-now.com)
GENSERVE LLC,Genserve,$629.23 ,FPO0082279,8/23/2024,728045597,8/26/2024,,10/2/2024,0464315-IN,9/28/2024,10/3/2024,10/4/2024,"PO approved, Invoice Received, and Sent to ROX AP",Sent To AP ,FPO0082279 | Facilities Requisition | ServiceNow (service-now.com)
GP ENERGY PRODUCTS LLC,Boiler Parts 10/3/2024,$373.00 ,FPO0084825,10/3/2024,728046168,10/7/2024,10/8/2024,10/9/2024,90711,10/9/2024,10/9/2024,10/10/2024,"PO approved, Invoice Received, and Sent to ROX AP",Sent To AP ,FPO0084825 | Facilities Requisition | ServiceNow (service-now.com)
GP ENERGY PRODUCTS LLC,Boiler Parts 10/9/2024,$322.00 ,FPO0085271,10/9/2024,728046236,10/11/2024,10/14/2024,10/18/2024,90752,10/18/2024,10/22/2024,10/22/2024,"PO Approved, Received Invoice, Sent to AP",Sent To AP ,FPO0085271 | Facilities Requisition | ServiceNow (service-now.com)
GP ENERGY PRODUCTS LLC,Boiler Parts 10/16/2024,$243.48 ,FPO0085673,10/16/2024,728046378,10/22/2024,10/24/2024,10/31/2024,90789,10/31/2024,10/31/2024,11/1/2024,"PO Approved, Received Invoice, and Sent to AP",Sent To AP ,FPO0085673 | Facilities Requisition | ServiceNow (service-now.com)
Grainger,,$619.42 ,FPO0085170,10/8/2024,728046180,10/9/2024,,,,10/15/2024,10/11/2024,,Waiting to Receive 56GK83 Compact Bulbs 50 Each,Sent To AP ,FPO0085170 | Facilities Requisition | ServiceNow (service-now.com)
GTO GREASE TRAP SERVICES,,$283.95 ,FPO0083847,9/18/2024,728045911,9/19/2024,N/A,9/18/2024,10014426,9/17/2024,9/20/2024,9/20/2024,"PO approved, Invoice Received, and Sent to ROX AP",Sent To AP ,FPO0083847 | Facilities Requisition | ServiceNow (service-now.com)
GTO GREASE TRAP SERVICES,,$283.95 ,FPO0085509,10/14/2024,728046250,10/15/2024,,10/14/2024,10016256,10/10/2024,10/15/2024,10/15/2024,"PO approved, Invoice Received, and Sent to ROX AP",Sent To AP ,FPO0085509 | Facilities Requisition | ServiceNow (service-now.com)
GTO GREASE TRAP SERVICES,,$283.95 ,FPO0087216,11/7/2024,728046676,11/12/2024,,11/7/2024,10012306,8/16/2024,11/12/2024,11/15/2024,"PO Approved, Received Invoice, and Sent to AP",Sent To AP ,FPO0087216 | Facilities Requisition | ServiceNow (service-now.com)
GTO GREASE TRAP SERVICES,,$294.98 ,FPO0087510,11/13/2024,728046757,11/18/2024,,11/13/2024,10018527,11/11/2024,11/19/2024,11/20/2024,"PO Approved, Invoice Received, and sent to AP",Sent To AP ,FPO0087510 | Facilities Requisition | ServiceNow (service-now.com)
HD SUPPLY,,"$1,338.29 ",FPO0084445,9/27/2024,728046030,9/27/2024,,10/18/2024,9230307178,10/1/2024,10/18/2024,10/22/2024,"PO Approved, Received Invoice, Sent to AP",Sent To AP ,FPO0084445 | Facilities Requisition | ServiceNow (service-now.com)
ICP MEDICAL LLC,Quote - Curtain Reorder 10/31/2024,$540.00 ,FPO0086751,11/1/2024,728046557,11/5/2024,11/5/2024,11/11/2024,INV-00112190,11/6/2024,11/12/2024,11/12/2024,"PO Approved, Received Invoice, and Sent to AP",Sent To AP ,FPO0086751 | Facilities Requisition | ServiceNow (service-now.com)
JOHN S MCMANUS INC,Gero Walls,"$7,975.00 ",FPO0085259,10/9/2024,728046198,10/9/2024,,10/29/2024,Project - Gero Psych_1,10/29/2024,10/29/2024,10/30/2024,"PO Approved, Received Invoice, and Sent to AP",Sent To AP ,https://phsi.service-now.com/now/nav/ui/classic/params/target/x_nuvo_eam_facilities_purchase_order.do%3Fsys_id%3D75a39bc73b85d6903008ca8c24e45a5b%26sysparm_view%3DAssetUser%26sysparm_domain%3Dnull%26sysparm_domain_scope%3Dnull%26sysparm_record_row%3D1%26sysparm_record_rows%3D348%26sysparm_record_list%3Dsys_created_by%253djavascript%253ags.getUserName()%255eORDERBYDESCsys_created_on
KB LIGHTING MFG CO INC,927241,$981.00 ,FPO0084482,9/30/2024,728046053,9/30/2024,10/2/2024,10/23/2024,"0603216-IN, 0603370-IN", 10/15/2024,10/23/2024,10/24/2024,"PO Approved, Received Invoice, Sent to AP",Sent To AP ,FPO0084482 | Facilities Requisition | ServiceNow (service-now.com)
KLENZOID INC,,$980.50 ,FPO0086028,10/22/2024,728046383,10/22/2024,,10/22/2024,20948,10/22/2024,10/25/2024,10/28/2024,"PO Approved, Received Invoice, and Sent to AP",Sent To AP ,FPO0086028 | Facilities Requisition | ServiceNow (service-now.com)
KLENZOID INC,,"$3,147.18 ",FPO0069210,1/24/2024,728043048,1/24/2024,,11/1/2024,02Q4785,11/1/2024,11/1/2024,11/12/2024,"PO Approved, Received Invoice, and Sent to AP",Sent To AP ,FPO0069210 | Facilities Requisition | ServiceNow (service-now.com)
KLENZOID INC,,$455.09 ,FPO0070495,2/12/2024,728043268,2/12/2024,,11/20/2024,15537,3/8/2024,11/20/2024,11/21/2024,"PO Approved, Invoice Received, Sent to AP",Sent To AP ,FPO0070495 | Facilities Requisition | ServiceNow (service-now.com)
LABOV SUPPLY CO INC,S1552835,$505.27 ,FPO0085239,10/9/2024,728046235,10/11/2024,10/14/2024,10/17/2024,S1552835-001,10/17/2024,10/18/2024,10/22/2024,"PO Approved, Received Invoice, Sent to AP",Sent To AP ,FPO0085239 | Facilities Requisition | ServiceNow (service-now.com)
LABOV SUPPLY CO INC,Quote #S1553869,$471.00 ,FPO0086894,11/4/2024,728046560,11/5/2024,11/7/2024,11/21/2024,S1553869.001,11/18/2024,11/21/2024,11/21/2024,"PO Approved, Invoice Received, Sent to AP",Sent To AP ,FPO0086894 | Facilities Requisition | ServiceNow (service-now.com)
LIMBACH COMPANY LLC,,"$2,030.00 ",FPO0081957,8/19/2024,728045550,8/21/2024,,10/4/2024,29818,10/4/2024,10/10/2024,10/10/2024,"PO approved, Invoice Received, and Sent to ROX AP",Sent To AP ,FPO0081957 | Facilities Requisition | ServiceNow (service-now.com)
LOCKATONG ENGINEERING INC,,$740.00 ,FPO0084581,10/1/2024,728046081,10/2/2024,,10/1/2024,5753,9/30/2024,10/3/2024,10/4/2024,"PO approved, Invoice Received, and Sent to ROX AP",Sent To AP ,FPO0084581 | Facilities Requisition | ServiceNow (service-now.com)
MADDEN ELECTRIC ASSOC INC,,"$1,613.17 ",FPO0086109,10/23/2024,728046467,10/29/2024,,10/9/2024,10978,10/4/2024,10/29/2024,10/30/2024,"PO Approved, Received Invoice, and Sent to AP",Sent To AP ,FPO0086109 | Facilities Requisition | ServiceNow (service-now.com)
MADDEN ELECTRIC ASSOC INC,CIP Invoice,"$58,656.00 ",,,,,,11/14/2024,11004,11/13/2024,,11/15/2024,,Sent To AP ,
MAINTAIN IT ALL,Quote #65779801,"$1,250.00 ",FPO0087250,11/8/2024,728046638,11/8/2024,11/11/2024,11/18/2024,96577859,11/15/2024,11/18/2024,11/19/2024,"PO Approved, Invoice Received, and sent to AP",Sent To AP ,FPO0087250 | Facilities Requisition | ServiceNow (service-now.com)
MAJOR MEDICAL HOSPITAL SVCS,,$477.00 ,FPO0084408,9/27/2024,728046031,9/30/2024,,9/26/2024,41564,9/26/2024,9/30/2024,9/30/2024,"PO approved, Invoice Received, and Sent to ROX AP",Sent To AP ,FPO0084408 | Facilities Requisition | ServiceNow (service-now.com)
MAJOR MEDICAL HOSPITAL SVCS,SQ12696 2 of 3 Year Contract,$479.06 ,FPO0084416 (Contract),9/27/2024,728046079,10/1/2024,,9/26/2024,41417,9/26/2024,10/14/2024,10/15/2024,"PO Approved, received invoice, and sent to AP",Sent To AP ,FPO0084416 | Facilities Requisition | ServiceNow (service-now.com)
MAJOR MEDICAL HOSPITAL SVCS,,$500.00 ,FPO0087477,11/13/2024,728046755,11/18/2024,,11/12/2024,41919,11/7/2024,11/18/2024,11/19/2024,"PO Approved, Invoice Received, and sent to AP",Sent To AP ,FPO0087477 | Facilities Requisition | ServiceNow (service-now.com)
MELADY LANDSCAPING,,"$2,450.00 ",FPO0078042,6/17/2024,728044754,6/27/2024,,10/3/2024,8035,10/3/2024,10/3/2024,10/4/2024,"PO approved, Invoice Received, and Sent to ROX AP",Sent To AP ,FPO0078042 | Facilities Requisition | ServiceNow (service-now.com)
MELADY LANDSCAPING,,"$2,450.00 ",FPO0078042,6/17/2024,728044754,6/17/2024,,10/8/2024,7695,9/3/2024,10/8/2024,10/8/2024,"PO approved, Invoice Received, and Sent to ROX AP",Sent To AP ,FPO0078042 | Facilities Requisition | ServiceNow (service-now.com)
MELADY LANDSCAPING,Contract,"$2,450.00 ",FPO0078042,6/17/2024,728044754,,,11/4/2024,8160,11/1/2024,11/4/2024,11/4/2024,"PO Approved, Received Invoice, and Sent to AP",Sent To AP ,FPO0078042 | Facilities Requisition | ServiceNow (service-now.com)
OLIVER FIRE PROTECTION & SECUR,,"$10,545.00 ",FPO0078990,7/2/2024,728044956,7/5/2024,,10/1/2024,10021090,10/1/2024,10/2/2024,10/2/2024,Invoice Received and sent to Rox AP,Sent To AP ,FPO0078990 | Facilities Requisition | ServiceNow (service-now.com)
OLIVER FIRE PROTECTION & SECUR,,"$7,565.00 ",FPO0075478,5/1/2024,728044208,5/2/2024,,10/8/2024,10021458,9/30/2024,10/8/2024,10/8/2024,"PO approved, Invoice Received, and Sent to ROX AP",Sent To AP ,FPO0075478 | Facilities Requisition | ServiceNow (service-now.com)
OLIVER FIRE PROTECTION & SECUR,,"$1,553.50 ",FPO0080765,7/31/2024,728045273,8/1/2024,,10/8/2024,10021457,9/30/2024,11/8/2024,11/8/2024,Need to follow up on Invoice adjusted amount,Sent To AP ,FPO0080765 | Facilities Requisition | ServiceNow (service-now.com)
OLIVER FIRE PROTECTION & SECUR,,"$3,965.00 ",FPO0080765,7/31/2024,728045273,8/1/2024,,10/30/2024,10022338,10/30/2024,10/30/2024,10/30/2024,"Contract PO Approved, Invoice Received, and Sent to AP",Sent To AP ,FPO0080765 | Facilities Requisition | ServiceNow (service-now.com)
OLIVER FIRE PROTECTION & SECUR,Contract Installment,$605.00 ,FPO0080765,7/31/2024,728045273,8/1/2024,,11/11/2024,10022997,11/11/2024,11/11/2024,11/12/2024,"PO Approved, Received Invoice, and Sent to AP",Sent To AP ,FPO0080765 | Facilities Requisition | ServiceNow (service-now.com)
OLIVER FIRE PROTECTION & SECUR,,$252.00 ,FPO0087367,11/11/2024,728046680,11/12/2024,,11/11/2024,10022998,11/11/2024,11/13/2024,11/15/2024,"PO Approved, Received Invoice, and Sent to AP",Sent To AP ,FPO0087367 | Facilities Requisition | ServiceNow (service-now.com)
OLIVER FIRE PROTECTION & SECUR,,"$3,965.00 ",FPO0080765,7/31/2024,728045273,8/1/2024,,11/8/2024,10022338,10/30/2024,11/11/2024,11/12/2024,"PO Approved, Received Invoice, and Sent to AP",Sent To AP ,FPO0080765 | Facilities Requisition | ServiceNow (service-now.com)
OLIVER FIRE PROTECTION & SECUR,,$575.00 ,FPO0056359,6/9/2023,728039533,6/9/2023,,11/13/2024,10014024,4/23/2024,11/15/2024,11/15/2024,"PO Approved, Received Invoice, and Sent to AP",Sent To AP ,FPO0056359 | Facilities Requisition | ServiceNow (service-now.com)
OLIVER FIRE PROTECTION & SECUR,,$600.00 ,FPO0056359,6/9/2023,728039533,6/9/2023,,11/13/2024,10014935,4/30/2024,11/14/2024,11/15/2024,"PO Approved, Received Invoice, and Sent to AP",Sent To AP ,FPO0056359 | Facilities Requisition | ServiceNow (service-now.com)
OLIVER FIRE PROTECTION & SECUR,,$575.00 ,FPO0056359,6/9/2023,728039533,6/9/2023,,11/13/2024,10008289,11/30/2023,11/15/2024,11/15/2024,"PO Approved, Received Invoice, and Sent to AP",Sent To AP ,FPO0056359 | Facilities Requisition | ServiceNow (service-now.com)
OLIVER FIRE PROTECTION & SECUR,,$70.00 ,FPO0087589,11/14/2024,728046762,11/19/2024,,11/14/2024,10014935A,4/30/2024,11/19/2024,11/20/2024,"PO Approved, Invoice Received, and sent to AP",Sent To AP ,FPO0087589 | Facilities Requisition | ServiceNow (service-now.com)
OLIVER FIRE PROTECTION & SECUR,,$280.00 ,FPO0087592,11/14/2024,728046763,11/19/2024,,11/14/2024,10014024A,4/23/2024,11/19/2024,11/20/2024,"PO Approved, Invoice Received, and sent to AP",Sent To AP ,FPO0087592 | Facilities Requisition | ServiceNow (service-now.com)
OLIVER FIRE PROTECTION & SECUR,,$419.31 ,FPO0087599,11/14/2024,728046764,11/19/2024,,11/14/2024,10008289A,11/30/2023,11/19/2024,11/20/2024,"PO Approved, Invoice Received, and sent to AP",Sent To AP ,FPO0087599 | Facilities Requisition | ServiceNow (service-now.com)
PURE WATER TECHNOLOGY OF CENTE,Contract Installment,$588.00 ,FPO0079196,10/1/2024,728045014,,,10/1/2024,235679,10/1/2024,10/1/2024,10/1/2024,3rd Installment Invoice Received and sent to Rox AP,Sent To AP ,FPO0079196 | Facilities Requisition | ServiceNow (service-now.com)
PURE WATER TECHNOLOGY OF CENTE,Contract,$588.00 ,FPO0079196,7/9/2024,728045014,7/10/2024,,11/1/2024,239227,11/1/2024,11/1/2024,11/4/2024,"PO Approved, Received Invoice, and Sent to AP",Sent To AP ,https://phsi.service-now.com/now/nav/ui/classic/params/target/x_nuvo_eam_facilities_purchase_order.do%3Fsys_id%3D896de7c987138e14156c8445dabb3519
RAMM INC,,,FPO0083637,9/16/2024,728045822,9/16/2024,N/A,9/16/2024,65955,9/16/2024,9/17/2024,9/17/3034,"PO approved, Invoice Received, and Sent to ROX AP",Sent To AP ,https://phsi.service-now.com/now/nav/ui/classic/params/target/x_nuvo_eam_facilities_purchase_order.do%3Fsys_id%3D8d6f64f7876c9250156c8445dabb35ef%26sysparm_view%3DAssetUser%26sysparm_record_target%3Dx_nuvo_eam_facilities_purchase_order%26sysparm_record_row%3D3%26sysparm_record_rows%3D4%26sysparm_record_list%3Dsys_created_by%253Djavascript%253Ags.getUserName%2528%2529%255EORDERBYDESCsys_created_on
RAMM INC,,"$1,512.50 ",FPO0083826,9/18/2024,728045909,9/19/2024,N/A,9/18/2024,65960,9/17/2024,9/20/2024,9/20/2024,"PO approved, Invoice Received, and Sent to ROX AP",Sent To AP ,FPO0083826 | Facilities Requisition | ServiceNow (service-now.com)
RAMM INC,,$877.50 ,FPO0085285,10/9/2024,728046239,10/11/2024,,10/9/2024,66023,10/8/2024,10/14/2024,10/15/2024,"PO approved, Invoice Received, and Sent to ROX AP",Sent To AP ,https://phsi.service-now.com/now/nav/ui/classic/params/target/x_nuvo_eam_facilities_purchase_order.do%3Fsys_id%3Ddcc2b7033b099a903008ca8c24e45ab1%26sysparm_view%3DAssetUser%26sysparm_domain%3Dnull%26sysparm_domain_scope%3Dnull
RAMM INC,,$702.00 ,FPO0085286,10/9/2024,728046237,10/11/2024,,10/9/2024,66024,10/8/2024,10/14/2024,10/15/2024,"PO approved, Invoice Received, and Sent to ROX AP",Sent To AP ,FPO0085286 | Facilities Requisition | ServiceNow (service-now.com)
RAMM INC,,$351.00 ,FPO0085288,10/9/2024,728046238,10/11/2024,,10/9/2024,66025,10/8/2024,10/14/2024,10/15/2024,"PO approved, Invoice Received, and Sent to ROX AP",Sent To AP ,FPO0085288 | Facilities Requisition | ServiceNow (service-now.com)
RAMM INC,,"$17,750.00 ",,,,,,10/9/2024,66049,10/9/2024,,10/15/2024,Corporate forwarded to AP,Sent To AP ,
RAMM INC,,"$1,316.25 ",FPO0085654,10/16/2024,728046376,10/22/2024,,10/16/2024,66099,10/15/2024,10/23/2024,10/24/2024,"PO Approved, Received Invoice, Sent to AP",Sent To AP ,FPO0085654 | Facilities Requisition | ServiceNow (service-now.com)
RAMM INC,,"$1,053.00 ",FPO0085656,10/16/2024,728046381,10/22/2024,,10/16/2024,66098,10/15/2024,10/23/2024,10/24/2024,"PO Approved, Received Invoice, Sent to AP",Sent To AP ,FPO0085656 | Facilities Requisition | ServiceNow (service-now.com)
RAMM INC,,$924.01 ,FPO0085658,10/16/2024,728046377,10/22/2024,,10/16/2024,66097,10/15/2024,10/23/2024,10/24/2024,"PO Approved, Received Invoice, Sent to AP",Sent To AP ,FPO0085658 | Facilities Requisition | ServiceNow (service-now.com)
RAMM INC,,"$5,095.04 ",FPO0086017,10/22/2024,728046363,10/22/2024,,10/22/2024,66120,10/21/2024,10/22/2024,10/22/2024,"PO Approved, Received Invoice, Sent to AP",Sent To AP ,FPO0086017 | Facilities Requisition | ServiceNow (service-now.com)
RAMM INC,,$877.50 ,FPO0086021,10/22/2024,728046382,10/22/2024,,10/22/2024,66121,10/21/2024,10/23/2024,10/24/2024,"PO Approved, Received Invoice, Sent to AP",Sent To AP ,FPO0086021 | Facilities Requisition | ServiceNow (service-now.com)
RAMM INC,,$351.00 ,FPO0086251,10/24/2024,728046474,10/28/2024,,10/24/2024,66004,10/7/2024,10/30/2024,10/30/2024,"PO Approved, Received Invoice, and Sent to AP",Sent To AP ,FPO0086251 | Facilities Requisition | ServiceNow (service-now.com)
RAMM INC,,"$6,880.14 ",FPO0086229,10/24/2024,728046437,10/25/2024,,10/24/2024,66003,10/7/2024,10/28/2024,10/28/2024,"PO Approved, Received Invoice, and Sent to AP",Sent To AP ,FPO0086229 | Facilities Requisition | ServiceNow (service-now.com)
RAMM INC,,"$1,015.00 ",FPO0087103,11/6/2024,728046580,11/6/2024,,11/6/2024,66167,11/5/2024,11/7/2024,11/8/2024,"PO Approved, Received Invoice, and Sent to AP",Sent To AP ,FPO0087103 | Facilities Requisition | ServiceNow (service-now.com)
RAMM INC,,"$1,112.48 ",FPO0087106,11/6/2024,728046642,11/8/2024,,11/6/2024,66168,11/5/2024,11/11/2024,11/12/2024,"PO Approved, Received Invoice, and Sent to AP",Sent To AP ,FPO0087106 | Facilities Requisition | ServiceNow (service-now.com)
RAMM INC,,"$2,110.65 ",FPO0087108,11/6/2024,728046668,11/11/2024,,11/6/2024,66169,11/5/2024,11/11/2024,11/12/2024,"PO Approved, Received Invoice, and Sent to AP",Sent To AP ,FPO0087108 | Facilities Requisition | ServiceNow (service-now.com)
RAMM INC,,$702.00 ,FPO0087118,11/6/2024,728046639,11/8/2024,,11/6/2024,66170,11/5/2024,11/11/2024,11/12/2024,"PO Approved, Received Invoice, and Sent to AP",Sent To AP ,FPO0087118 | Facilities Requisition | ServiceNow (service-now.com)
RAMM INC,,"$2,106.00 ",FPO0087120,11/6/2024,728046641,11/8/2024,,11/6/2024,66171,11/5/2024,11/11/2024,11/12/2024,"PO Approved, Received Invoice, and Sent to AP",Sent To AP ,FPO0087120 | Facilities Requisition | ServiceNow (service-now.com)
RAMM INC,,"$4,375.00 ",FPO0074276,4/11/2024,,,,11/12/2024,65945,9/13/2024,11/14/2024,11/15/2024,"PO Approved, Received Invoice, and Sent to AP",Sent To AP ,FPO0074276 | Facilities Requisition | ServiceNow (service-now.com)
RAMM INC,,"$2,720.72 ",FPO0087544,11/13/2024,728046733,11/15/2024,,11/12/2024,66182,11/6/2024,11/15/2024,11/19/2024,"PO Approved, Invoice Received, and sent to AP",Sent To AP ,FPO0087544 | Facilities Requisition | ServiceNow (service-now.com)
RAMM INC,,"$1,642.67 ",FPO0087546,11/13/2024,728046760,11/19/2024,,11/12/2024,66183,11/6/2024,11/19/2024,11/20/2024,"PO Approved, Invoice Received, and sent to AP",Sent To AP ,FPO0087546 | Facilities Requisition | ServiceNow (service-now.com)
RAMM INC,,$702.00 ,FPO0087550,11/13/2024,728046759,11/19/2024,,11/12/2024,66184,11/6/2024,11/19/2024,11/20/2024,"PO Approved, Invoice Received, and sent to AP",Sent To AP ,FPO0087550 | Facilities Requisition | ServiceNow (service-now.com)
RAMM INC,,"$1,331.36 ",FPO0087556,11/13/2024,728046761,11/19/2024,,11/12/2024,66031,10/9/2024,11/19/2024,11/20/2024,"PO Approved, Invoice Received, and sent to AP",Sent To AP ,FPO0087556 | Facilities Requisition | ServiceNow (service-now.com)
RAMM INC,,$351.00 ,FPO0088002,11/20/2024,728046854,11/22/2024,,11/20/2024,66244,11/19/2024,11/22/2024,11/25/2024,"PO Approved, Invoice Received, Sent to AP",Sent To AP ,FPO0088002 | Facilities Requisition | ServiceNow (service-now.com)
RAMM INC,,$702.00 ,FPO0088021,11/20/2024,728046853,11/22/2024,,11/20/2024,66245,11/19/2024,11/22/2024,11/25/2024,"PO Approved, Invoice Received, Sent to AP",Sent To AP ,FPO0088021 | Facilities Requisition | ServiceNow (service-now.com)
RAMM INC,,"$4,795.80 ",FPO0088201,11/25/2024,728046903,11/25/2024,,11/22/2024,66267,11/22/2024,11/26/2024,11/27/2024,"PO Approved, Invoice Received, Sent to AP",Sent To AP ,FPO0088201 | Facilities Requisition | ServiceNow (service-now.com)
SHERWIN WILLIAMS CO INC,Ceiling Tile Quote 9/30/2024,"$2,634.62 ",FPO0084573,10/1/2024,728046075,10/2/2024,10/2/2024,10/11/2024,9544-0,10/10/2024,10/11/2024,10/11/2024,"PO approved, Invoice Received, and Sent to ROX AP",Sent To AP ,FPO0084573 | Facilities Requisition | ServiceNow (service-now.com)
UNION ELECTRIC CONTRACTING CO,240728,"$1,435.00 ",FPO0084563,10/1/2024,728046080,10/2/2024,10/9/2024,10/10/2024,206794-20100-1,10/10/2024,10/10/2024,10/10/2024,"PO approved, Invoice Received, and Sent to ROX AP",Sent To AP ,FPO0084563 | Facilities Requisition | ServiceNow (service-now.com)
UNION ELECTRIC CONTRACTING CO,,"$1,435.00 ",FPO0083817,9/18/2024,728045910,9/19/2024,,10/14/2024,206732-20280-1,10/14/2024,10/14/2024,10/15/2024,"PO approved, Invoice Received, and Sent to ROX AP",Sent To AP ,FPO0083817 | Facilities Requisition | ServiceNow (service-now.com)
UNION ELECTRIC CONTRACTING CO,240732,"$5,740.00 ",FPO0084570,10/1/2024,728046160,10/7/2024,10/9/2024,11/11/2024,206794-20120-1,11/11/2024,11/11/2024,11/12/2024,"PO Approved, Received Invoice, and Sent to AP",Sent To AP ,FPO0084570 | Facilities Requisition | ServiceNow (service-now.com)
WALTER A DWYER INC,,$992.95 ,FPO0088259,11/25/2024,728046912,11/26/2024,,11/25/2024,44904,11/20/2024,11/26/2024,11/27/2024,"PO Approved, Invoice Received, Sent to AP",Sent To AP ,FPO0088259 | Facilities Requisition | ServiceNow (service-now.com)
WYATT ELEVATOR COMPANY,Contract Installment,$458.00 ,FPO0081827,8/16/2024,728045466,8/16/2024,,10/7/2024,29460,10/1/2024,10/7/2024,10/7/2024,"PO approved, Invoice Received, and Sent to ROX AP",Sent To AP ,FPO0081827 | Facilities Requisition | ServiceNow (service-now.com)
WYATT ELEVATOR COMPANY,Contract Installment,$458.00 ,FPO0081827,8/16/2024,728045466,8/16/2024,,11/7/2024,29722,11/1/2024,11/7/2024,11/8/2024,"PO Approved, Received Invoice, and Sent to AP",Sent To AP ,FPO0081827 | Facilities Requisition | ServiceNow (service-now.com)
WYATT ELEVATOR COMPANY,Contract Installment,$458.00 ,FPO0081827,8/16/2024,728045466,8/16/2024,,11/8/2024,29333,9/1/2024,11/8/2024,11/8/2024,"PO Approved, Received Invoice, and Sent to AP",Sent To AP ,FPO0081827 | Facilities Requisition | ServiceNow (service-now.com)
